Workbook

Sheet Start
A1: Akquise Neunkirchen, Version 2 (Stand 19.10.2026)
A2: Gelbe Felder ausfüllen. Alle Brief- und Mailtexte im Blatt 'Outreach' setzen sich daraus automatisch zusammen.
A4: Absender | B4: Jean | C4: Ihr voller Name, so wie er unter Brief und Mail stehen soll
A5: Telefon | C5: Mobilnummer für Anruf und WhatsApp
A6: Absender_Web | C6: Eigene Website oder Vorschau-Domain, nicht die Arbeitgeber-Domain
A7: Absender_Mail | C7: Eigene Geschäftsadresse, nicht die Arbeitgeber-Adresse
A8: Vorschau_Link | C8: Standard-Link zur Vorschau, falls im Outreach-Blatt kein eigener Link steht
A9: Termin_Vorschlag | B9: Donnerstag gegen 15 Uhr | C9: Konkreter Terminvorschlag für M1, M2, W1
A10: Referenzpreis_Datum | B10: 30.11.2026 | C10: Bis wann der Referenzpreis gilt (F3)
A11: Bewertungslink | C11: Kurzlink zu Ihrem Google-Profil zum Bewerten (R1)
A12: Empfehlungsbonus | B12: einem Gutschein über 50 € | C12: Dankeschön für Empfehlungen (R1)
A14: So nutzen Sie die Datei:
A15: 1. Blatt 'Outreach' nach Spalte 'Welle' filtern. Welle 1 sind die stärksten Leads mit belegbarem Aufhänger.
A16: 2. Erstkontakt per Brief (Spalte 'Brief-Text') oder persönlich. Vor dem Versand die Website einmal am Handy öffnen und den Aufhänger kurz gegenprüfen.
A17: 3. E-Mail und WhatsApp erst, wenn der Betrieb zugestimmt hat: im Gespräch, per Antwort auf den Brief oder per Rückruf. Ohne Einwilligung ist Werbung per E-Mail auch an Firmen nach § 7 Abs. 2 UWG unzulässig und abmahnfähig.
A18: 4. Status, Datum und Kanal pflegen. Spalte 'Nächster Schritt fällig' rechnet die Nachfass-Termine (Tag 3, 7, 14) selbst aus.
A19: 5. Texte ändern Sie zentral im Blatt 'Vorlagen'. Platzhalter in geschweiften Klammern bleiben stehen.

Sheet Vorlagen
A1: ID | B1: Name | C1: Kanal und Rechtsrahmen | D1: Zeitpunkt | E1: Betreff | F1: Text
A2: B1 | B2: Brief Erstkontakt (ohne fertige Vorschau) | C2: Brief, kalt, rechtlich unkritisch | D2: Tag 0 | E2: {Betrieb}: Ihre Website auf dem Handy | F2: {Anrede} ich bin {Absender}, Webdesigner und KI-Berater hier in Neunkirchen. Ich habe mir {Domain} auf dem Handy angesehen. Dabei ist mir aufgefallen: {Hook1} {Winkel} Deshalb ein Vorschlag: Ich baue Ihnen eine Vorschau Ihrer neuen Startseite, mit Ihren eigenen Texten und Fotos. Das kostet Sie nichts und verpflichtet Sie zu nichts. Ich bringe sie vorbei, Sie schauen sie in Ruhe an. Gefällt sie Ihnen nicht, war es das. Ein kurzes Ja genügt: QR-Code scannen, anrufen oder per WhatsApp schreiben an {Telefon}. Falls Sie danach umsteigen möchten: Eine neue Website kostet bei mir {Preis}, die Betreuung {Monat} im Monat. Für Betriebe wie Ihren lohnt sich oft zusätzlich {Extra}. Viele Grüße aus Neunkirchen {Absender} {Absender_Web} P.S. {Hook2} Ihre Anschrift stammt aus Ihrem Impressum bzw. öffentlichen Branchenverzeichnissen. Wenn Sie keine Post mehr von mir möchten, genügt ein kurzer Hinweis.
A3: B2 | B3: Brief Erstkontakt (Vorschau liegt bei) | C3: Brief, kalt, mit A4 Vorher/Nachher als Anlage | D3: Tag 0 | E3: {Betrieb}: so könnte Ihre Website aussehen | F3: {Anrede} ich bin {Absender}, Webdesigner und KI-Berater hier in Neunkirchen. Ich habe Ihre Startseite einmal neu gestaltet, mit Ihren eigenen Texten und Fotos. Das Ergebnis liegt bei: links Ihre Seite heute, rechts der Entwurf. Warum ich mich melde: {Hook1} {Winkel} Der Entwurf ist fertig. Ob Sie ihn nutzen, entscheiden Sie. Wenn Sie ihn auf Ihrem Handy sehen möchten, scannen Sie den QR-Code oder schreiben Sie mir per WhatsApp an {Telefon}. Ich komme auch gern für 15 Minuten vorbei. Damit Sie nicht raten müssen: {Preis} einmalig, Betreuung {Monat} im Monat. Die zweite Hälfte zahlen Sie erst, wenn die Seite online ist und Ihnen gefällt. Viele Grüße aus Neunkirchen {Absender} {Absender_Web} P.S. {Hook2} Ihre Anschrift stammt aus Ihrem Impressum bzw. öffentlichen Branchenverzeichnissen. Wenn Sie keine Post mehr von mir möchten, genügt ein kurzer Hinweis.
A4: B3 | B4: Brief für Betriebe ohne eigene Website | C4: Brief, kalt, rechtlich unkritisch | D4: Tag 0 | E4: {Betrieb}: Ihre Kunden suchen Sie bei Google | F4: {Anrede} ich bin {Absender}, Webdesigner und KI-Berater hier in Neunkirchen. Wer {Betrieb} bei Google sucht, landet heute auf Facebook oder in einem Branchenverzeichnis. Öffnungszeiten, Angebot und ein direkter Weg zu Ihnen fehlen dort oft oder sind veraltet. Mein Vorschlag: Ich baue Ihnen eine einfache, schnelle Website mit Ihren eigenen Fotos und Texten. Vorher sehen Sie eine Vorschau, kostenlos und unverbindlich. Ein kurzes Ja genügt: QR-Code scannen, anrufen oder per WhatsApp schreiben an {Telefon}. Eine erste Website kostet bei mir ab 590 €, die Betreuung ab 29 € im Monat. Ihr Google-Profil richte ich auf Wunsch gleich mit ein. Viele Grüße aus Neunkirchen {Absender} {Absender_Web} P.S. Die Vorschau bleibt auch dann kostenlos, wenn Sie sich am Ende dagegen entscheiden. Ihre Anschrift stammt aus Ihrem Impressum bzw. öffentlichen Branchenverzeichnissen. Wenn Sie keine Post mehr von mir möchten, genügt ein kurzer Hinweis.
A5: M1 | B5: E-Mail nach Besuch (Vorschau-Mail) | C5: E-Mail, nur nach Einwilligung im Gespräch | D5: Tag 0, am selben Tag | E5: {Betrieb}: Ihre Vorschau von heute | F5: {Anrede} danke für die paar Minuten heute. Wie besprochen hier die Vorschau für {Betrieb}: {Vorschau_Link} Öffnen Sie sie am besten auf dem Handy, so sehen Ihre Kunden die Seite auch. Kurz zusammengefasst: - Heute: {Hook1} - Neu: Alles ist auf das Handy ausgelegt, dazu {Extra}. - Ihre Inhalte bleiben. Sie müssen nichts neu schreiben. Preis: {Preis} einmalig, Betreuung {Monat} im Monat. Die zweite Hälfte zahlen Sie erst nach dem Livegang. Nächster Schritt: 15 Minuten, in denen wir Fotos und zwei, drei Wünsche durchgehen. Passt Ihnen {Termin_Vorschlag}? Viele Grüße {Absender} {Telefon} Wenn Sie keine weiteren Nachrichten von mir möchten, genügt eine kurze Antwort.
A6: M2 | B6: Antwort auf Rückmeldung zum Brief | C6: E-Mail, Einwilligung liegt durch Rückmeldung vor | D6: innerhalb von 2 Stunden | E6: Re: Vorschau für {Betrieb} | F6: {Anrede} schön, dass Sie sich melden. Ich baue die Vorschau jetzt und schicke sie Ihnen bis {Termin_Vorschlag}. Damit sie möglichst echt aussieht, zwei kurze Fragen: 1. Haben Sie ein paar aktuelle Fotos (Laden, Team, Produkte)? Handyfotos reichen. 2. Was soll ein Besucher auf Ihrer Seite als Erstes tun: anrufen, buchen, bestellen oder vorbeikommen? Wenn Sie dafür gerade keine Zeit haben, nehme ich einfach die Inhalte Ihrer jetzigen Seite. Viele Grüße {Absender} {Telefon}
A7: F1 | B7: Nachfassen 1: Vorschau angesehen? | C7: E-Mail oder WhatsApp, nach Einwilligung | D7: Tag 3 | E7: Re: {Betrieb}: Ihre Vorschau von heute | F7: {Anrede} kurz nachgefragt: Konnten Sie die Vorschau schon auf dem Handy ansehen? {Vorschau_Link} Wenn Sie mögen, setze ich bis Ende der Woche Ihre eigenen Fotos ein. Dann sehen Sie die Seite so, wie sie online gehen würde. Ein kurzes "Ja, machen" genügt. Viele Grüße {Absender} Wenn Sie keine weiteren Nachrichten von mir möchten, genügt eine kurze Antwort.
A8: F2 | B8: Nachfassen 2: Tipp mit Mehrwert | C8: E-Mail, nach Einwilligung | D8: Tag 7 | E8: Ein Tipp für {Betrieb}, auch ohne mich | F8: {Anrede} unabhängig davon, ob wir zusammenarbeiten, hier ein Tipp, der in fünf Minuten erledigt ist: {Tipp} Die Vorschau Ihrer neuen Seite liegt weiter für Sie bereit: {Vorschau_Link} Bei Fragen rufen Sie mich einfach an: {Telefon} Viele Grüße {Absender} Wenn Sie keine weiteren Nachrichten von mir möchten, genügt eine kurze Antwort.
A9: F3 | B9: Nachfassen 3: Abschluss | C9: E-Mail, nach Einwilligung | D9: Tag 14 | E9: Soll ich die Vorschau für {Betrieb} behalten? | F9: {Anrede} ich möchte Ihr Postfach nicht füllen, deshalb ist das meine letzte Nachricht dazu. Den Referenzpreis halte ich für Sie bis {Referenzpreis_Datum}. Danach nehme ich die Vorschau aus dem Netz. Eine Ziffer als Antwort genügt mir: 1 = Ja, lassen Sie uns kurz sprechen 2 = Später, melden Sie sich im neuen Jahr 3 = Kein Interesse Danke und viele Grüße {Absender}
A10: W1 | B10: WhatsApp nach Besuch | C10: WhatsApp, nur wenn Nummer im Gespräch dafür gegeben | D10: Tag 0, direkt nach Besuch | F10: Hallo, hier ist {Absender} von vorhin. Hier die Vorschau für {Betrieb}, am besten gleich auf dem Handy öffnen: {Vorschau_Link} Ich melde mich {Termin_Vorschlag} kurz wegen der Fotos. Viele Grüße
A11: A1 | B11: Angebots-Mail | C11: E-Mail nach Gespräch | D11: Tag des Gesprächs | E11: Angebot neue Website {Betrieb} | F11: {Anrede} wie besprochen hier Ihr Angebot. Die Kurzfassung: - Neue Website auf Basis der Vorschau: {Preis} - Dazu: {Extra} - Betreuung mit Hosting, Updates und kleinen Änderungen: {Monat} im Monat - Zahlung: 50 % bei Auftrag, 50 % nach Livegang - Livegang: etwa zwei Wochen, nachdem Sie Fotos und Texte freigegeben haben Wenn das für Sie passt, antworten Sie einfach mit "Einverstanden". Dann lege ich los. Viele Grüße {Absender} {Telefon}
A12: R1 | B12: Nach Livegang: Bewertung und Empfehlung | C12: E-Mail an Kunden | D12: 1 Woche nach Livegang | E12: Danke, und eine kleine Bitte | F12: {Anrede} Ihre neue Seite ist online, danke für die gute Zusammenarbeit. Zwei kleine Bitten: 1. Wenn Sie zufrieden sind, freue ich mich über eine ehrliche Google-Bewertung: {Bewertungslink} 2. Kennen Sie einen Betrieb in Neunkirchen, dem das auch helfen würde? Für jede Empfehlung, aus der ein Auftrag wird, bedanke ich mich mit {Empfehlungsbonus}. Viele Grüße {Absender}

Sheet Gesamtliste
A1: Rang | B1: Betrieb | C1: Branche | D1: Segment | E1: Adresse | F1: Telefon | G1: Website | H1: Prüfstatus | I1: HTTPS | J1: Mobil | K1: Ladezeit s | L1: CMS | M1: Letzte Änderung | N1: Facebook | O1: Instagram | P1: Strukt. Daten | Q1: Buchung/Bestellung | R1: Google Ø | S1: Google Anzahl | T1: A Modernisierung (0-40) | U1: B Einfachheit (0-20) | V1: C Potenzial (0-25) | W1: D Lücken (0-15) | X1: Gesamt | Y1: Label | Z1: Liste | AA1: Inhaber/in | AB1: E-Mail | AC1: Impressum
A2: 1 | B2: Asia Wok Bistro | C2: Restaurant (asiatisch) | D2: Gastronomie | E2: Brückenstr. 26, 66538 Neunkirchen | F2: 06821 140373 | G2: https://asia-wok-neunkirchen.de/speisekarte | H2: live | I2: ja | J2: nein | K2: 4.6 | N2: nein | O2: nein | P2: nein | Q2: nein | R2: 4.4 | S2: 230 | T2: 28 | U2: 15 | V2: 24 | W2: 10 | X2: =SUM(T2:W2) -> 77 | Y2: Umsatzhebel | Z2: Liste 1
A3: 2 | B3: Schlüssel Thielen | C3: Schlüsseldienst | D3: Handel/Dienstleistung | E3: Hüttenbergstr. 30, 66538 Neunkirchen | F3: 06821 22510 | G3: https://www.schluessel-thielen.de/ | H3: live | I3: ja | J3: nein | K3: 11.1 | M3: Wed, 10 Jul 2024 08:33:35 GMT | N3: nein | O3: nein | P3: nein | Q3: nein | R3: 4.6 | S3: 15 | T3: 30 | U3: 16 | V3: 17 | W3: 13 | X3: =SUM(T3:W3) -> 76 | Y3: Quick Win | Z3: Liste 1 | AB3: info@schluessel-thielen.de | AC3: https://www.schluessel-thielen.de/Kontakt.htm
A4: 3 | B4: L.A.-Nails Nagelstudio | C4: Nagelstudio | D4: Beauty/Körperpflege | E4: Stummplatz 1, 66538 Neunkirchen | F4: 06821 1 79 91 52 | G4: https://www.la-nails.de/lander | H4: live | I4: ja | J4: ja | K4: 0.7 | N4: nein | O4: nein | P4: nein | Q4: nein | R4: 4.3 | S4: 48 | T4: 30 | U4: 17 | V4: 19 | W4: 10 | X4: =SUM(T4:W4) -> 76 | Y4: Quick Win | Z4: Liste 2
A5: 4 | B5: Dolomiti Pizzeria, Gelateria & Pasticceria | C5: Pizzeria/Eiscafé | D5: Lieferdienst/Imbiss | E5: Oberer Markt 10, 66538 Neunkirchen | F5: 06821 9424024 | G5: https://www.dolomitipizzeria-neunkirchen.de/ | H5: live | I5: ja | J5: nein | K5: 2.2 | N5: nein | O5: nein | P5: nein | Q5: ja | R5: 4.3 | S5: 358 | T5: 28 | U5: 16 | V5: 25 | W5: 7 | X5: =SUM(T5:W5) -> 76 | Y5: Umsatzhebel | Z5: Liste 2
A6: 5 | B6: Nieland Julia Pasta | C6: Partyservice | D6: Gastronomie | E6: Waldwiesenstr. 4, 66538 Neunkirchen | F6: 0171 1 04 21 12 | G6: https://www.pastaria-by-julie.de/ | H6: live | I6: ja | J6: nein | K6: 1.3 | M6: Wed, 30 Sep 2020 13:48:44 GMT | N6: nein | O6: nein | P6: nein | Q6: nein | T6: 33 | U6: 15 | V6: 17 | W6: 10 | X6: =SUM(T6:W6) -> 75 | Y6: Umsatzhebel | Z6: Liste 2
A7: 6 | B7: Wibilo-Kebap-Haus | C7: Döner/Kebab | D7: Lieferdienst/Imbiss | E7: Wibilostr. 12, 66540 Neunkirchen | F7: 06821 9533808 | G7: https://www.wibilo-kebap-haus.de/ | H7: live | I7: ja | J7: nein | K7: 2.1 | N7: nein | O7: nein | P7: nein | Q7: ja | R7: 3.2 | S7: 232 | T7: 28 | U7: 16 | V7: 21 | W7: 10 | X7: =SUM(T7:W7) -> 75 | Y7: Umsatzhebel | Z7: Liste 2
A8: 7 | B8: Pizza Heimservice Gondoliere | C8: Pizzeria/Lieferdienst | D8: Lieferdienst/Imbiss | E8: Storchenplatz 1, 66538 Neunkirchen | F8: 06821 13212 | G8: https://gondoliere-neunkirchen.de/ | H8: live | I8: ja | J8: ja | K8: 21.8 | L8: WordPress 7.1.3 | N8: nein | O8: nein | P8: nein | Q8: nein | R8: 4 | S8: 174 | T8: 24 | U8: 16 | V8: 25 | W8: 10 | X8: =SUM(T8:W8) -> 75 | Y8: Umsatzhebel | Z8: Liste 1 | AA8: Carmen Abbruzzino | AB8: info@gondoliere-neunkirchen.de | AC8: https://gondoliere-neunkirchen.de/impressum/
A9: 8 | B9: Didié Hermann Zeichen- und Bürobedarf | C9: Schreib- und Bürobedarf | D9: Handel/Dienstleistung | E9: Bahnhofstr. 1 c, 66538 Neunkirchen | F9: 06821 2 27 57 | G9: https://www.hermann-didie.de/ | H9: live | I9: ja | J9: nein | K9: 7.5 | M9: Fri, 11 Feb 2011 15:11:25 GMT | N9: nein | O9: nein | P9: nein | Q9: nein | R9: 4.6 | S9: 190 | T9: 27 | U9: 16 | V9: 21 | W9: 10 | X9: =SUM(T9:W9) -> 74 | Y9: Quick Win | Z9: Liste 2
A10: 9 | B10: Beauty Nails Ornella | C10: Nagelstudio | D10: Beauty/Körperpflege | E10: Ruhstockstr. 10, 66538 Neunkirchen | F10: 06821 4013600 | G10: https://www.beauty-nails-ornella.de/ | H10: live | I10: ja | J10: nein | K10: 13 | M10: Mon, 21 May 2012 16:40:53 GMT | N10: nein | O10: nein | P10: nein | Q10: nein | T10: 30 | U10: 17 | V10: 16 | W10: 10 | X10: =SUM(T10:W10) -> 73 | Y10: Quick Win | Z10: Liste 1
A11: 10 | B11: MDM MetallDesignMüller / Innovativer Metallbau / Inh.: Christian Müller-Metallbaumeister | C11: Metallbau | D11: Handwerk/Bau | E11: Mozartstr. 7-9, 66538 Neunkirchen | F11: 06821 1 79 97 57 | G11: https://www.metalldesignmueller.de/ | H11: live | I11: ja | J11: nein | K11: 4.1 | M11: Fri, 28 Sep 2018 17:25:03 GMT | N11: nein | O11: nein | P11: nein | Q11: nein | R11: 3.7 | S11: 9 | T11: 29 | U11: 16 | V11: 14 | W11: 13 | X11: =SUM(T11:W11) -> 72 | Y11: Quick Win | Z11: Liste 2
A12: 11 | B12: aqua bar lounge club | C12: Bar/Club | D12: Gastronomie | E12: Jahnstr. 2, 66538 Neunkirchen | F12: 06821 8681999 | G12: https://aqua-nk.de/ | H12: live | I12: ja | J12: ja | K12: 4.1 | M12: Mon, 11 Nov 2024 21:11:07 GMT | N12: ja | O12: nein | P12: nein | Q12: nein | S12: 0 | T12: 30 | U12: 15 | V12: 17 | W12: 9 | X12: =SUM(T12:W12) -> 71 | Y12: Umsatzhebel | Z12: Liste 1
A13: 12 | B13: Krankengymnastik Rutz | C13: Physiotherapie | D13: Praxis/Gesundheit | E13: Max-Braun-Str. 1, 66538 Neunkirchen | F13: 06821 23665 | G13: https://www.krankengymnastik-rutz.de/ | H13: live | I13: ja | J13: nein | K13: 8.6 | M13: Tue, 12 Jan 2021 12:41:50 GMT | N13: nein | O13: nein | P13: nein | Q13: nein | R13: 5 | S13: 2 | T13: 30 | U13: 13 | V13: 15 | W13: 13 | X13: =SUM(T13:W13) -> 71 | Y13: Solide Chance | Z13: Liste 1 | AA13: Hermann Rutz | AB13: hermannrutz@t-online.de | AC13: https://www.krankengymnastik-rutz.de/impressum.html
A14: 13 | B14: Schreiner Barbara Fotostudio | C14: Fotostudio | D14: Handel/Dienstleistung | E14: Lantertalweg 2, 66539 Neunkirchen | F14: 06821 39 93 | G14: https://fotostudio-schreiner.de/ | H14: live | I14: ja | J14: ja | K14: 3 | M14: Tue, 08 Sep 2026 22:14:20 GMT | N14: nein | O14: nein | P14: nein | Q14: nein | R14: 4.5 | S14: 55 | T14: 30 | U14: 16 | V14: 15 | W14: 10 | X14: =SUM(T14:W14) -> 71 | Y14: Quick Win | Z14: Liste 2
A15: 14 | B15: Aktiv Gesundheitspark | C15: Gesundheitssport/Reha | D15: Handel/Dienstleistung | E15: Vogelstr. 4, 66538 Neunkirchen | F15: 06821 91 96 62 | G15: https://www.aktiv-gesundheitspark.de/ | H15: live | I15: ja | J15: ja | K15: 3 | N15: nein | O15: nein | P15: nein | Q15: nein | T15: 30 | U15: 16 | V15: 14 | W15: 10 | X15: =SUM(T15:W15) -> 70 | Y15: Quick Win | Z15: Liste 2
A16: 15 | B16: Heil Schlosserei GmbH | C16: Schlosserei/Metallbau | D16: Handwerk/Bau | E16: Eichendorffstr. 4, 66540 Neunkirchen | F16: 06821 5 13 62 | G16: https://www.schlosserei-heil.de/ | H16: live | I16: ja | J16: nein | K16: 8.2 | L16: CMSimple 3.2 | N16: nein | O16: nein | P16: nein | Q16: nein | R16: 2.7 | S16: 12 | T16: 27 | U16: 16 | V16: 14 | W16: 13 | X16: =SUM(T16:W16) -> 70 | Y16: Quick Win | Z16: Liste 2 | AA16: Bernd Heil | AB16: info@schlosserei-heil.de | AC16: https://www.schlosserei-heil.de/?Impressum
A17: 16 | B17: Ratzky GmbH Bedachungen | C17: Dachdecker | D17: Handwerk/Bau | E17: Sebachstr. 23, 66539 Neunkirchen | F17: 06821 9 30 10 | G17: https://www.ratzkygmbh.de/ | H17: live | I17: ja | J17: nein | K17: 3.7 | M17: Tue, 19 Mar 2019 10:33:29 GMT | N17: nein | O17: nein | P17: nein | Q17: nein | R17: 4.1 | S17: 14 | T17: 27 | U17: 16 | V17: 14 | W17: 13 | X17: =SUM(T17:W17) -> 70 | Y17: Quick Win | Z17: Liste 2 | AA17: Reiner Ratzky | AB17: info@ratzkygmbh.de | AC17: https://www.ratzkygmbh.de/impressum.html
A18: 17 | B18: High Voltage | C18: Elektriker | D18: Handwerk/Bau | E18: An der Alten Ziegelei 25, 66538 Neunkirchen | F18: 06821 98 31 61 | G18: https://www.hvoltage.de/ | H18: live | I18: ja | J18: nein | K18: 5.1 | L18: TYPO3 4.5 CMS | N18: nein | O18: nein | P18: nein | Q18: nein | R18: 4.8 | S18: 4 | T18: 26 | U18: 16 | V18: 14 | W18: 13 | X18: =SUM(T18:W18) -> 69 | Y18: Quick Win | Z18: Liste 2 | AB18: mg@hvoltage.de | AC18: https://www.hvoltage.de/index.php?id=17
A19: 18 | B19: Orient Grill | C19: Imbiss/Döner | D19: Lieferdienst/Imbiss | E19: Oberer Markt 13, 66538 Neunkirchen | F19: 06821 8692053 | G19: http://www.orientgrill-nk.de/ | H19: nur HTTP | I19: nein | J19: ? | K19: 1.6 | N19: nein | O19: nein | P19: nein | Q19: nein | R19: 4.2 | S19: 616 | T19: 22 | U19: 16 | V19: 25 | W19: 6 | X19: =SUM(T19:W19) -> 69 | Y19: Nicht prüfbar | Z19: Liste 1
A20: 19 | B20: Rümpel Alf | C20: Entrümpelung | D20: Handwerk/Bau | E20: Hüttenbergstr. 25, 66538 Neunkirchen | F20: 0170 4 42 45 32 | G20: https://ruempel-alf.de/ | H20: live | I20: ja | J20: nein | K20: 16.3 | L20: WordPress 7.1.3 | N20: nein | O20: nein | P20: nein | Q20: nein | R20: 4.9 | S20: 218 | T20: 21 | U20: 16 | V20: 22 | W20: 10 | X20: =SUM(T20:W20) -> 69 | Y20: Quick Win | Z20: Liste 2 | AA20: Aref Al Faroukh | AB20: post@ruempel-alf.de | AC20: https://ruempel-alf.de/impressum/
A21: 20 | B21: Sascha Kieczewsky Planungsbüro | C21: Planungsbüro | D21: Handel/Dienstleistung | E21: Schulstr. 17 A, 66540 Neunkirchen | F21: 06858 5 99 90 54 | G21: https://pbm-muenchwies.de/cgi-sys/suspendedpage.cgi | H21: live | I21: ja | J21: ja | K21: 1.6 | N21: nein | O21: nein | P21: nein | Q21: nein | T21: 30 | U21: 16 | V21: 12 | W21: 10 | X21: =SUM(T21:W21) -> 68 | Y21: Quick Win | Z21: Liste 2
A22: 21 | B22: Reitverein Neunkirchen-City | C22: Reitstall | D22: Freizeit/Sport/Kurse | E22: Betzenhölle 12, 66538 Neunkirchen | F22: 0170 9978064 | G22: https://reitverein-neunkirchencity.de/ | H22: live | I22: ja | J22: ja | K22: 2.1 | N22: nein | O22: nein | P22: nein | Q22: nein | T22: 30 | U22: 13 | V22: 15 | W22: 10 | X22: =SUM(T22:W22) -> 68 | Y22: Solide Chance | Z22: Liste 2
A23: 22 | B23: Markt Apotheke | C23: Apotheke | D23: Apotheke | E23: Max-Braun-Str. 1, 66538 Neunkirchen | F23: 06821 21811 | G23: https://www.markt-apotheke-nk.de/ | H23: live | I23: ja | J23: ja | K23: 9 | N23: nein | O23: nein | P23: nein | Q23: ja | R23: 4.8 | S23: 56 | T23: 29 | U23: 13 | V23: 19 | W23: 7 | X23: =SUM(T23:W23) -> 68 | Y23: Solide Chance | Z23: Liste 1 | AA23: Susanne Daniels | AB23: info@markt-apotheke-nk.de | AC23: https://www.markt-apotheke-nk.de/Impressum/
A24: 23 | B24: Regitz Kreativdesign | C24: Innenausbau | D24: Handwerk/Bau | E24: Homburger Str. 52, 66539 Neunkirchen | F24: 06821 8 96 05 | G24: https://www.regitz-creativ-design.de/ | H24: live | I24: ja | J24: nein | K24: 2.7 | L24: Ulli Meybohms HTML EDITOR | M24: Sat, 09 Jul 2022 23:11:34 GMT | N24: nein | O24: nein | P24: nein | Q24: nein | T24: 29 | U24: 16 | V24: 13 | W24: 10 | X24: =SUM(T24:W24) -> 68 | Y24: Quick Win | Z24: Liste 2
A25: 24 | B25: Horst Sehte GmbH | C25: Dachdecker | D25: Handwerk/Bau | E25: Schillerstr. 49, 66540 Neunkirchen | F25: 06821 5 13 56 | G25: https://dach-sehte.de/ | H25: live | I25: ja | J25: ja | K25: 3.7 | L25: Nicepage 8.5.1, nicepage.com | M25: Fri, 10 Jul 2026 09:32:24 GMT | N25: nein | O25: nein | P25: nein | Q25: nein | R25: 4.4 | S25: 40 | T25: 28 | U25: 16 | V25: 14 | W25: 10 | X25: =SUM(T25:W25) -> 68 | Y25: Quick Win | Z25: Liste 2 | AA25: Michael Sehte | AB25: info@dach-sehte.de
A26: 25 | B26: Elektro Hobler UG (haftungsbeschränkt) Elektroinstallationen | C26: Elektriker | D26: Handwerk/Bau | E26: Martin-Luther-Str. 19, 66540 Neunkirchen | F26: 06821 95 20 63 | G26: https://www.elektro-hobler.de/ | H26: live | I26: ja | J26: nein | K26: 4.4 | L26: IONOS MyWebsite | N26: nein | O26: nein | P26: nein | Q26: nein | R26: 4.3 | S26: 17 | T26: 25 | U26: 16 | V26: 14 | W26: 13 | X26: =SUM(T26:W26) -> 68 | Y26: Quick Win | Z26: Liste 2 | AB26: info@elektro-hobler.de | AC26: https://www.elektro-hobler.de/impressum/
A27: 26 | B27: VSV Hochbau GmbH | C27: Bauunternehmen/Abbruch | D27: Handwerk/Bau | E27: Wellesweilerstr. 86, 66538 Neunkirchen | F27: 06821 59 07 21 | G27: https://www.vsv-abbruch.de/ | H27: live | I27: ja | J27: nein | K27: 4.6 | L27: 2018.1.1.386 | M27: Fri, 08 Mar 2024 11:41:34 GMT | N27: nein | O27: nein | P27: nein | Q27: nein | T27: 25 | U27: 16 | V27: 17 | W27: 10 | X27: =SUM(T27:W27) -> 68 | Y27: Quick Win | Z27: Liste 2 | AA27: Antonino Vullo | AB27: info@vsv-abbruch.de | AC27: https://www.vsv-abbruch.de/impressum.html
A28: 27 | B28: Asia Haus Thaimassagen | C28: Massagestudio | D28: Beauty/Körperpflege | E28: Kuchenbergstr. 109, 66540 Neunkirchen | F28: 06821 3 08 71 86 | G28: https://www.thaimassage-asiahaus.de/ | H28: live | I28: ja | J28: nein | K28: 10.8 | L28: WordPress 4.9.26 | N28: ja | O28: nein | P28: nein | Q28: nein | R28: 4.7 | S28: 125 | T28: 27 | U28: 17 | V28: 17 | W28: 6 | X28: =SUM(T28:W28) -> 67 | Y28: Quick Win | Z28: Liste 2 | AC28: http://www.thaimassage-asiahaus.de/impressum
A29: 28 | B29: Koble-Tassone Jeannine Friseur | C29: Friseur | D29: Beauty/Körperpflege | E29: Kuchenbergstr. 1, 66540 Neunkirchen | F29: 06821 9 83 84 60 | G29: https://www.koble-hair.de/ | H29: live | I29: ja | J29: nein | K29: 3.2 | M29: Mon, 27 May 2024 06:34:55 GMT | N29: nein | O29: nein | P29: nein | Q29: nein | R29: 4.3 | S29: 6 | T29: 24 | U29: 17 | V29: 13 | W29: 13 | X29: =SUM(T29:W29) -> 67 | Y29: Quick Win | Z29: Liste 2 | AA29: Jeannine Koble-Tassone | AB29: info@koble-hair.de | AC29: https://www.koble-hair.de/impressum.html
A30: 29 | B30: Wirtshaus Römer Steakhaus | C30: Restaurant | D30: Gastronomie | E30: Bahnhofstr. 5, 66538 Neunkirchen | F30: 06821 942756 | G30: https://www.wirtshaus-roemer.de/ | H30: live | I30: ja | J30: ja | K30: 5.9 | L30: Joomla! - Open Source Content | M30: Fri, 09 Oct 2026 17:14:30 GMT | N30: nein | O30: nein | P30: nein | Q30: ja | R30: 4.1 | S30: 364 | T30: 21 | U30: 15 | V30: 24 | W30: 7 | X30: =SUM(T30:W30) -> 67 | Y30: Umsatzhebel | Z30: Liste 1 | AA30: Alevtina Hau | AB30: info@wirtshaus-roemer.de | AC30: https://www.wirtshaus-roemer.de/impressum
A31: 30 | B31: Damaskus Haus | C31: Imbiss/Restaurant | D31: Lieferdienst/Imbiss | E31: Bahnhofstr. 39, 66538 Neunkirchen | F31: 06821 149263 | G31: https://www.damaskus-haus-neunkirchen.de/ | H31: live | I31: ja | J31: ja | K31: 12.1 | N31: nein | O31: nein | P31: nein | Q31: ja | R31: 3.7 | S31: 165 | T31: 18 | U31: 12 | V31: 25 | W31: 12 | X31: =SUM(T31:W31) -> 67 | Y31: Umsatzhebel | Z31: Liste 1 | AC31: https://www.damaskus-haus-neunkirchen.de/colofon
A32: 31 | B32: Schneider Birgit Musikunterricht | C32: Musikschule | D32: Freizeit/Sport/Kurse | E32: Eisenbahnstr. 51, 66539 Neunkirchen | F32: 06821 4 21 84 | G32: https://www.musikunterricht-neunkirchen.de/ | H32: live | I32: ja | J32: nein | K32: 8.4 | N32: nein | O32: nein | P32: nein | Q32: nein | T32: 28 | U32: 15 | V32: 13 | W32: 10 | X32: =SUM(T32:W32) -> 66 | Y32: Quick Win | Z32: Liste 2 | AA32: Birgit Schneider | AB32: musik.schneider@t-online.de | AC32: https://www.musikunterricht-neunkirchen.de/Impressum
A33: 32 | B33: DIVNA Medizinische Fußpflege | C33: Podologie | D33: Praxis/Gesundheit | E33: Hermannstr. 53, 66538 Neunkirchen | F33: 06821 98 31 90 | G33: https://www.podologie-divna.de/ | H33: live | I33: ja | J33: nein | K33: 3.9 | M33: Wed, 11 Jul 2018 08:35:02 GMT | N33: nein | O33: nein | P33: nein | Q33: nein | R33: 4.6 | S33: 37 | T33: 27 | U33: 13 | V33: 15 | W33: 10 | X33: =SUM(T33:W33) -> 65 | Y33: Solide Chance | Z33: Liste 2 | AC33: https://www.podologie-divna.de/impressum.html
A34: 33 | B34: Orthopädie Lattrich GmbH Wolfgang | C34: Sanitätshaus/Orthopädietechnik | D34: Praxis/Gesundheit | E34: Hebbelstr. 5-7, 66538 Neunkirchen | F34: 06821 2 24 76 | G34: https://lattrich.de/ | H34: live | I34: ja | J34: ja | K34: 10 | L34: Joomla! - Open Source Content | M34: Mon, 19 Oct 2026 00:12:00 GMT | N34: nein | O34: nein | P34: nein | Q34: nein | R34: 4 | S34: 35 | T34: 25 | U34: 13 | V34: 17 | W34: 10 | X34: =SUM(T34:W34) -> 65 | Y34: Solide Chance | Z34: Liste 2 | AA34: Jörg Lattrich | AB34: info@lattrich.de | AC34: https://lattrich.de/index.php?option=com_content&view=article&id=4&Itemid=105
A35: 34 | B35: DEJA Vu Second Hand Exclusive | C35: Mode (Second Hand) | D35: Handel/Dienstleistung | E35: Hüttenbergstr. 37, 66538 Neunkirchen | F35: 06821 2 31 14 | G35: https://deja-vu-exclusiv.de/ | H35: live | I35: ja | J35: ja | K35: 10.1 | L35: WordPress 7.0.7 | N35: nein | O35: nein | P35: nein | Q35: nein | R35: 4.1 | S35: 57 | T35: 20 | U35: 16 | V35: 19 | W35: 10 | X35: =SUM(T35:W35) -> 65 | Y35: Quick Win | Z35: Liste 2 | AA35: Friedel Ludes | AB35: info@deja-vu-exclusiv.de | AC35: https://deja-vu-exclusiv.de/impressum/
A36: 35 | B36: Schmidt Thomas Michael Dr.med. u. Schmitt Kerstin Dr.med. | C36: Hausarzt | D36: Praxis/Gesundheit | E36: Winterfloß 17, 66539 Neunkirchen | F36: 06821 43 11 | G36: https://www.praxis-wellesweiler.de/ | H36: live | I36: ja | J36: nein | K36: 6.3 | N36: nein | O36: nein | P36: nein | Q36: ja | T36: 32 | U36: 13 | V36: 12 | W36: 7 | X36: =SUM(T36:W36) -> 64 | Y36: Solide Chance | Z36: Liste 2 | AB36: info@praxis-wellesweiler.de | AC36: https://www.praxis-wellesweiler.de/impressum-und-datenschutz
A37: 36 | B37: König Bernd Dipl.-Ing. Architekt | C37: Architekt | D37: Beratung/Kanzlei | E37: Spieser Str. 94, 66538 Neunkirchen | F37: 06821 8 87 57 | G37: https://www.architekt-bernd-koenig.de/ | H37: live | I37: ja | J37: ja | K37: 1.4 | N37: nein | O37: nein | P37: nein | Q37: nein | T37: 30 | U37: 12 | V37: 12 | W37: 10 | X37: =SUM(T37:W37) -> 64 | Y37: Langläufer | Z37: Liste 2
A38: 37 | B38: Arminia Steuerberatung | C38: Steuerberater | D38: Beratung/Kanzlei | E38: Goethestr. 12, 66538 Neunkirchen | F38: 06821 999720 | G38: https://www.arminia-steuerberatung.de/ | H38: live | I38: ja | J38: nein | K38: 15.5 | M38: Tue, 31 Mar 2026 12:32:08 GMT | N38: nein | O38: nein | P38: nein | Q38: nein | R38: 5 | S38: 1 | T38: 28 | U38: 10 | V38: 13 | W38: 13 | X38: =SUM(T38:W38) -> 64 | Y38: Langläufer | Z38: Liste 1 | AB38: info@arminia-steuerberatung.de | AC38: https://www.arminia-steuerberatung.de/#slide6
A39: 38 | B39: Decker Fenster Haustüren Rollladen GmbH | C39: Fenster/Türen/Rollladen | D39: Handwerk/Bau | E39: Ludwigsthaler Str. 1, 66539 Neunkirchen | F39: 06821 36 15 24 | G39: https://www.decker-fenster.de/ | H39: live | I39: ja | J39: nein | K39: 4.7 | L39: Joomla! - Open Source Content | M39: Mon, 19 Oct 2026 00:08:53 GMT | N39: nein | O39: nein | P39: nein | Q39: nein | R39: 4.1 | S39: 33 | T39: 24 | U39: 16 | V39: 14 | W39: 10 | X39: =SUM(T39:W39) -> 64 | Y39: Quick Win | Z39: Liste 2 | AA39: Detlef Decker | AB39: info@decker-fenster.de | AC39: https://www.decker-fenster.de/impressum
A40: 39 | B40: LOGOPÄDIE Krämer Monika Schwochow Nathalie | C40: Logopädie | D40: Praxis/Gesundheit | E40: Hebbelstr. 15, 66538 Neunkirchen | F40: 06821 6 30 68 06 | G40: https://www.logopaedie-neunkirchen.de/ | H40: live | I40: ja | J40: nein | K40: 5.7 | N40: nein | O40: nein | P40: nein | Q40: nein | R40: 5 | S40: 5 | T40: 23 | U40: 13 | V40: 15 | W40: 13 | X40: =SUM(T40:W40) -> 64 | Y40: Solide Chance | Z40: Liste 2 | AB40: info@logopaedie-neunkirchen.de | AC40: https://www.logopaedie-neunkirchen.de/?/impressum
A41: 40 | B41: Blumen Rebel | C41: Blumen/Gärtnerei | D41: Handel/Dienstleistung | E41: Carl-Ferdinand-Str. 13, 66538 Neunkirchen | F41: 06821 86217 | G41: https://www.blumen-rebel.de/ | H41: live | I41: ja | J41: nein | K41: 9.4 | N41: nein | O41: nein | P41: nein | Q41: nein | R41: 4.4 | S41: 89 | T41: 21 | U41: 16 | V41: 17 | W41: 10 | X41: =SUM(T41:W41) -> 64 | Y41: Quick Win | Z41: Liste 1
A42: 41 | B42: Müller Pierrette Dr. Psychotherapeutische Praxis | C42: Psychotherapie | D42: Praxis/Gesundheit | E42: Keplerstr. 39, 66540 Neunkirchen | F42: 06821 1 72 16 | G42: https://www.dr-pierrette-mueller.eu/ | H42: live | I42: ja | J42: nein | K42: 2.8 | M42: Thu, 29 Jun 2023 17:48:47 GMT | N42: nein | O42: nein | P42: nein | Q42: nein | T42: 28 | U42: 13 | V42: 12 | W42: 10 | X42: =SUM(T42:W42) -> 63 | Y42: Solide Chance | Z42: Liste 2 | AB42: contact@dr-pierrette-mueller.eu | AC42: https://www.dr-pierrette-mueller.eu/de/impressum.html
A43: 42 | B43: Meyer Walter , Meyer Christel Yogadozenten | C43: Yoga | D43: Freizeit/Sport/Kurse | E43: Limbacher Str. 72, 66539 Neunkirchen | F43: 06821 3 16 88 | G43: https://www.yogazentrum-homburg.de/ | H43: live | I43: ja | J43: nein | K43: 6.1 | M43: Tue, 03 Aug 2021 10:41:29 GMT | N43: nein | O43: nein | P43: nein | Q43: nein | T43: 25 | U43: 15 | V43: 13 | W43: 10 | X43: =SUM(T43:W43) -> 63 | Y43: Quick Win | Z43: Liste 2 | AB43: meyer.saarland@t-online.de | AC43: https://www.yogazentrum-homburg.de/index-5.html
A44: 43 | B44: Lembcke Melanie Praxis für Osteopathie | C44: Osteopathie | D44: Praxis/Gesundheit | E44: Bahnhofstr. 45, 66538 Neunkirchen | F44: 0176 21 39 12 33 | G44: https://osteopathie-lembcke.de/ | H44: live | I44: ja | J44: nein | K44: 5.6 | N44: nein | O44: nein | P44: nein | Q44: nein | R44: 4.9 | S44: 34 | T44: 23 | U44: 13 | V44: 17 | W44: 10 | X44: =SUM(T44:W44) -> 63 | Y44: Solide Chance | Z44: Liste 2 | AA44: Melanie Lembcke | AB44: kontakt@osteopathie-lembcke.de | AC44: https://osteopathie-lembcke.de/impressum
A45: 44 | B45: Seiler Friseurteam | C45: Friseur | D45: Beauty/Körperpflege | E45: Bahnhofstr. 9, 66538 Neunkirchen | F45: 06821 22171 | G45: https://web.archive.org/web/2026if_/http://www.friseur-team-seiler.de | H45: nur HTTP | I45: nein | J45: ? | K45: 5.9 | N45: nein | O45: nein | P45: nein | Q45: nein | T45: 22 | U45: 17 | V45: 18 | W45: 6 | X45: =SUM(T45:W45) -> 63 | Y45: Nicht prüfbar | Z45: Liste 1
A46: 45 | B46: Lackierservice Forster | C46: Lackiererei/Ausbeulservice | D46: Kfz/Zweirad | E46: Ludwigsthaler Str. 2, 66539 Neunkirchen | F46: 06821 9 72 92 39 | G46: https://beulenfrei.com/ | H46: live | I46: ja | J46: nein | K46: 10.5 | L46: WordPress 7.1.3 | N46: nein | O46: nein | P46: nein | Q46: nein | R46: 4.9 | S46: 52 | T46: 21 | U46: 16 | V46: 16 | W46: 10 | X46: =SUM(T46:W46) -> 63 | Y46: Quick Win | Z46: Liste 2 | AB46: lackierservice@t-online.de | AC46: https://beulenfrei.com/impressum
A47: 46 | B47: AC-1 Sport- und Freizeitpark | C47: Fitnessstudio | D47: Freizeit/Sport/Kurse | E47: Zum Schotterwerk 12, 66538 Neunkirchen | F47: 06821 8500 | G47: https://www.ac1-nk.de/ | H47: live | I47: ja | J47: ja | K47: 16 | L47: Helix Ultimate - The Most Popu | M47: Fri, 09 Oct 2026 17:15:02 GMT | N47: nein | O47: nein | P47: nein | Q47: nein | R47: 4.7 | S47: 218 | T47: 18 | U47: 15 | V47: 20 | W47: 10 | X47: =SUM(T47:W47) -> 63 | Y47: Quick Win | Z47: Liste 1 | AA47: Dietmar Bär | AB47: info@ac1-nk.de | AC47: https://www.ac1-nk.de/impressum
A48: 47 | B48: Hotel Zum Ellenfeld | C48: Hotel | D48: Hotel/Pension | E48: Zweibrücker Str. 14, 66538 Neunkirchen | F48: 06821 8169 | G48: https://hotel-ellenfeld.de/ | H48: live | I48: ja | J48: ja | K48: 23.7 | L48: WordPress 7.1.3 | N48: nein | O48: nein | P48: nein | Q48: ja | R48: 4.2 | S48: 149 | T48: 23 | U48: 14 | V48: 18 | W48: 7 | X48: =SUM(T48:W48) -> 62 | Y48: Quick Win | Z48: Liste 1 | AB48: info@hotel-ellenfeld.de | AC48: https://hotel-ellenfeld.de/impressum/
A49: 48 | B49: HTB Haus-Technik Bechtel GmbH | C49: Elektro-/Haustechnik | D49: Handwerk/Bau | E49: Rombachstr. 65, 66539 Neunkirchen | F49: 06821 95 22 00 | G49: https://www.ht-bechtel.de/ | H49: live | I49: ja | J49: nein | K49: 3.4 | L49: 2018.1.1.386 | M49: Tue, 16 Apr 2024 09:47:12 GMT | N49: nein | O49: nein | P49: nein | Q49: nein | T49: 23 | U49: 16 | V49: 13 | W49: 10 | X49: =SUM(T49:W49) -> 62 | Y49: Quick Win | Z49: Liste 2 | AB49: office@ht-bechtel.de | AC49: https://www.ht-bechtel.de/impressum.html
A50: 49 | B50: Kirschhock Bernd Haus Montage Service | C50: Hausmeister-/Montageservice | D50: Handwerk/Bau | E50: Zum Bremmenfeld 2, 66539 Neunkirchen | F50: 06821 30 69 91 | G50: https://www.hausmeisterservice-kirschhock.de/ | H50: live | I50: ja | J50: nein | K50: 4.5 | N50: nein | O50: nein | P50: nein | Q50: nein | T50: 23 | U50: 16 | V50: 13 | W50: 10 | X50: =SUM(T50:W50) -> 62 | Y50: Quick Win | Z50: Liste 2 | AA50: Bernd Kirschhock | AB50: bernd-kirschhock@t-online.de | AC50: https://www.hausmeisterservice-kirschhock.de/index.php?seite=impressum
A51: 50 | B51: Radiologie am Boxberg, Dr. med. M. Nebel, Dr. med. J. Klinkner | C51: Radiologie | D51: Praxis/Gesundheit | E51: Boxbergweg 3, 66538 Neunkirchen | F51: 06821 91 44 80 | G51: https://www.radiologie-boxberg.de/index.php?id=7 | H51: live | I51: ja | J51: nein | K51: 7.4 | L51: TYPO3 CMS | N51: nein | O51: nein | P51: nein | Q51: nein | T51: 23 | U51: 13 | V51: 16 | W51: 10 | X51: =SUM(T51:W51) -> 62 | Y51: Solide Chance | Z51: Liste 2 | AC51: https://www.zab-nk.net/index.php?id=6
A52: 51 | B52: Klaproth Holger Dr.med. | C52: Onkologie | D52: Praxis/Gesundheit | E52: Hebbelstr. 2, 66538 Neunkirchen | F52: 06821 1 49 11 11 | G52: https://www.onkologie-neunkirchen.de/ | H52: live | I52: ja | J52: nein | K52: 5.1 | N52: nein | O52: nein | P52: nein | Q52: nein | T52: 23 | U52: 13 | V52: 16 | W52: 10 | X52: =SUM(T52:W52) -> 62 | Y52: Solide Chance | Z52: Liste 2 | AC52: https://www.onkologie-neunkirchen.de/impressum.php
A53: 52 | B53: Bierstubb (Dieter Rinner) | C53: Kneipe | D53: Gastronomie | E53: Bahnhofstr. 12, 66538 Neunkirchen | F53: 06336 6467 | G53: https://www.bierstubb.de/ | H53: nur HTTP | I53: nein | J53: ? | K53: 1.2 | N53: nein | O53: nein | P53: nein | Q53: nein | T53: 22 | U53: 15 | V53: 19 | W53: 6 | X53: =SUM(T53:W53) -> 62 | Y53: Nicht prüfbar | Z53: Liste 2
A54: 53 | B54: Hegi S. Fenstervertrieb u. Montage | C54: Fenster | D54: Handwerk/Bau | E54: Ginsterweg 8, 66540 Neunkirchen | F54: 06821 5 91 80 | G54: https://fenster-hegi.de/ | H54: live | I54: ja | J54: ja | K54: 10.9 | L54: WordPress 6.5.3 | N54: ja | O54: nein | P54: nein | Q54: nein | T54: 26 | U54: 16 | V54: 13 | W54: 6 | X54: =SUM(T54:W54) -> 61 | Y54: Quick Win | Z54: Liste 2 | AB54: info@fenster-hegi.de | AC54: https://fenster-hegi.de/index.php/impressum/
A55: 54 | B55: Naturheilpraxis Olga Bernhardt Heilpraktikerin | C55: Heilpraktiker | D55: Praxis/Gesundheit | E55: Im Stillen Winkel 40, 66539 Neunkirchen | F55: 06826 93 29 90 | G55: https://www.naturheilpraxis-bernhardt.de/ | H55: live | I55: ja | J55: nein | K55: 5.2 | L55: Joomla! - Open Source Content | M55: Mon, 19 Oct 2026 00:11:32 GMT | N55: nein | O55: nein | P55: nein | Q55: nein | T55: 26 | U55: 13 | V55: 12 | W55: 10 | X55: =SUM(T55:W55) -> 61 | Y55: Solide Chance | Z55: Liste 2
A56: 55 | B56: McRein Desinfektion- u. Reinigung | C56: Gebäudereinigung | D56: Handwerk/Bau | E56: Hüttenbergstr. 6, 66538 Neunkirchen | F56: 06821 69 00 37 | G56: https://www.desinfektion-saar.de/ | H56: nur HTTP | I56: nein | J56: ? | K56: 0.7 | N56: nein | O56: nein | P56: nein | Q56: nein | T56: 22 | U56: 16 | V56: 17 | W56: 6 | X56: =SUM(T56:W56) -> 61 | Y56: Nicht prüfbar | Z56: Liste 2
A57: 56 | B57: Angresius Dr. Arztpraxis für Frauenheilkunde und Geburtshilfe | C57: Frauenarzt | D57: Praxis/Gesundheit | E57: Boxbergweg 3 B, 66538 Neunkirchen | F57: 06821 9 14 56 80 | G57: https://www.dr-angresius.de/frauenheilkunde/home/ | H57: live | I57: ja | J57: nein | K57: 6.1 | L57: TYPO3 CMS | N57: nein | O57: nein | P57: nein | Q57: nein | T57: 22 | U57: 13 | V57: 16 | W57: 10 | X57: =SUM(T57:W57) -> 61 | Y57: Solide Chance | Z57: Liste 2 | AB57: info@dr-angresius.de | AC57: https://www.dr-angresius.de/frauenheilkunde/kontakt-termine/impressum/
A58: 57 | B58: Jochum Günther Dr.med. Ganzheitliche Medizin | C58: Ganzheitliche Medizin | D58: Praxis/Gesundheit | E58: Boxbergweg 3, 66538 Neunkirchen | F58: 06821 9 72 28 65 | G58: https://ganzheitlichemedizin-jochum.de/ | H58: live | I58: ja | J58: ja | K58: 6.5 | L58: Divi v.4.27.9 | N58: nein | O58: nein | P58: nein | Q58: nein | T58: 22 | U58: 13 | V58: 16 | W58: 10 | X58: =SUM(T58:W58) -> 61 | Y58: Solide Chance | Z58: Liste 2 | AB58: guenther.jochum@gmail.com | AC58: https://ganzheitlichemedizin-jochum.de/kontakt/
A59: 58 | B59: Galerie der Friseure | C59: Friseur | D59: Beauty/Körperpflege | E59: Hohlstr. 31, 66538 Neunkirchen | F59: 06821 91 93 80 | G59: https://www.galeriederfriseure.de/ | H59: nur HTTP | I59: nein | J59: ? | K59: 1.1 | N59: nein | O59: nein | P59: nein | Q59: nein | T59: 22 | U59: 17 | V59: 16 | W59: 6 | X59: =SUM(T59:W59) -> 61 | Y59: Nicht prüfbar | Z59: Liste 2
A60: 59 | B60: Lorig | C60: Metzgerei | D60: Lebensmittelhandwerk | E60: Wellesweilerstr. 83 a, 66538 Neunkirchen | F60: 06821 63 07 74 | G60: https://www.schlemmerlaedchen.de/ | H60: nur HTTP | I60: nein | J60: ? | K60: 1 | N60: nein | O60: nein | P60: nein | Q60: nein | T60: 22 | U60: 16 | V60: 17 | W60: 6 | X60: =SUM(T60:W60) -> 61 | Y60: Nicht prüfbar | Z60: Liste 2
A61: 60 | B61: Mister Pamukkale | C61: Döner/Kebab | D61: Lieferdienst/Imbiss | E61: Hüttenbergstr. 44A, 66538 Neunkirchen | F61: 06821 24522 | G61: https://mister-pamukkale.de/ | H61: live | I61: ja | J61: ja | K61: 25.2 | L61: Redux 4.4.10.1 | N61: ja | O61: ja | P61: nein | Q61: ja | R61: 4.3 | S61: 57 | T61: 19 | U61: 16 | V61: 23 | W61: 3 | X61: =SUM(T61:W61) -> 61 | Y61: Umsatzhebel | Z61: Liste 2 | AC61: https://mister-pamukkale.de/impressum/
A62: 61 | B62: Spies Susanne Heilpraktikerin | C62: Heilpraktiker | D62: Praxis/Gesundheit | E62: Zum Zimmermannsfels 25, 66540 Neunkirchen | F62: 06821 53 02 08 | G62: https://www.naturheilpraxis-susanne-spies.de/ | H62: live | I62: ja | J62: nein | K62: 4.2 | M62: Mon, 16 Jun 2025 13:20:43 GMT | N62: nein | O62: nein | P62: nein | Q62: nein | T62: 25 | U62: 13 | V62: 12 | W62: 10 | X62: =SUM(T62:W62) -> 60 | Y62: Solide Chance | Z62: Liste 2 | AB62: info@naturheilpraxis-susanne-spies.de | AC62: https://www.naturheilpraxis-susanne-spies.de/impressum.htm
A63: 62 | B63: Bücher König Buchhandel | C63: Buchhandlung | D63: Handel/Dienstleistung | E63: Bahnhofstr. 41, 66538 Neunkirchen | F63: 06821 1 29 21 | G63: https://www.buecher-koenig-nk.de/ | H63: nur HTTP | I63: nein | J63: ? | K63: 5.4 | N63: nein | O63: nein | P63: nein | Q63: nein | T63: 22 | U63: 16 | V63: 16 | W63: 6 | X63: =SUM(T63:W63) -> 60 | Y63: Nicht prüfbar | Z63: Liste 2
A64: 63 | B64: Hoffmann Reinhard Waffen- u. Sporthaus | C64: Waffen- und Sportfachhandel | D64: Handel/Dienstleistung | E64: Hüttenbergstr. 32, 66538 Neunkirchen | F64: 06821 2 26 58 | G64: https://www.waffenhoffmann.de/ | H64: nur HTTP | I64: nein | J64: ? | K64: 5.8 | N64: nein | O64: nein | P64: nein | Q64: nein | T64: 22 | U64: 16 | V64: 16 | W64: 6 | X64: =SUM(T64:W64) -> 60 | Y64: Nicht prüfbar | Z64: Liste 2 | AB64: info@waffenhoffmann.de | AC64: https://www.waffenhoffmann.de/impressum/
A65: 64 | B65: Intersport Klees Sportfachgeschäft | C65: Sportfachhandel | D65: Handel/Dienstleistung | E65: Stummplatz 1, 66538 Neunkirchen | F65: 06821 14 94 91 | G65: https://www.intersportklees-neunkirchen.de/ | H65: nur HTTP | I65: nein | J65: ? | K65: 1.3 | N65: nein | O65: nein | P65: nein | Q65: nein | T65: 22 | U65: 16 | V65: 16 | W65: 6 | X65: =SUM(T65:W65) -> 60 | Y65: Nicht prüfbar | Z65: Liste 2
A66: 65 | B66: Grunders Hofgut Menschenhaus | C66: Restaurant/Eventlocation | D66: Gastronomie | E66: Kirkeler Str. 100, 66538 Neunkirchen | F66: 06821 3619900 | G66: https://hofgut-menschenhaus.de/de_de/ | H66: nur HTTP | I66: nein | J66: ? | N66: nein | O66: nein | P66: nein | Q66: nein | T66: 22 | U66: 15 | V66: 17 | W66: 6 | X66: =SUM(T66:W66) -> 60 | Y66: Nicht prüfbar | Z66: Liste 2 | AA66: Kai Grunder | AC66: https://hofgut-menschenhaus.de/impressum/
A67: 66 | B67: Hofmann Viktor Fliesenverlegung | C67: Fliesenleger | D67: Handwerk/Bau | E67: An der Alten Ziegelei 27, 66538 Neunkirchen | F67: 06821 8 77 97 | G67: https://www.fliesen-neunkirchen.de/ | H67: live | I67: ja | J67: ja | K67: 7 | N67: nein | O67: nein | P67: nein | Q67: nein | T67: 19 | U67: 16 | V67: 15 | W67: 10 | X67: =SUM(T67:W67) -> 60 | Y67: Quick Win | Z67: Liste 2 | AA67: Viktor Hofmann | AB67: info@fliesen-neunkirchen.de | AC67: https://www.fliesen-neunkirchen.de/index.php?topic=de&site=kontakt
A68: 67 | B68: TuS 1860 Gaststätte | C68: Gaststätte | D68: Gastronomie | E68: Haspelstr. 40, 66538 Neunkirchen | F68: 06821 87900 | G68: https://www.tus1860neunkirchen.de/ | H68: live | I68: ja | J68: ja | K68: 3.9 | L68: Jimdo Creator | N68: nein | O68: nein | P68: nein | Q68: ja | R68: 4.3 | S68: 142 | T68: 18 | U68: 15 | V68: 20 | W68: 7 | X68: =SUM(T68:W68) -> 60 | Y68: Umsatzhebel | Z68: Liste 1 | AB68: info@tus1860neunkirchen.de | AC68: https://www.tus1860neunkirchen.de/impressum/
A69: 68 | B69: Tennis-Gastronomie TuS 1860 (Brigitte Faber) | C69: Vereinsgaststätte | D69: Gastronomie | E69: Zum Ruhwald 2, 66538 Neunkirchen | F69: 06821 6352240 | G69: https://tennis-neunkirchen.de/anlage/gastronomie/ | H69: live | I69: ja | J69: ja | K69: 9.5 | L69: WordPress 7.1.3 | N69: nein | O69: nein | P69: nein | Q69: nein | T69: 18 | U69: 15 | V69: 17 | W69: 10 | X69: =SUM(T69:W69) -> 60 | Y69: Umsatzhebel | Z69: Liste 2 | AB69: info@tennis-neunkirchen.de | AC69: https://tennis-neunkirchen.de/impressum-2/
A70: 69 | B70: Pension am Stummplatz | C70: Pension | D70: Hotel/Pension | E70: Lindenallee 2, 66538 Neunkirchen | F70: 06821 2071800 | G70: https://www.pension-stummplatz.de/ | H70: live | I70: ja | J70: ja | K70: 8.4 | L70: Jimdo Creator | N70: nein | O70: nein | P70: nein | Q70: ja | R70: 3.5 | S70: 157 | T70: 14 | U70: 14 | V70: 22 | W70: 10 | X70: =SUM(T70:W70) -> 60 | Y70: Solide Chance | Z70: Liste 1 | AA70: Sukhwinder Singh | AB70: info@pension-stummplatz.de | AC70: https://www.pension-stummplatz.de/about/
A71: 70 | B71: p3 Architekten & Ingenieure GBR Ingenieurbüro | C71: Architekt | D71: Beratung/Kanzlei | E71: Süduferstr. 14, 66538 Neunkirchen | F71: 06821 3 09 80 26 | G71: https://www.p3architekten.de/ | H71: live | I71: ja | J71: nein | K71: 3.1 | L71: SIQUANDO Web 12 (#3647-1598) | M71: Sat, 12 Apr 2025 09:33:12 GMT | N71: nein | O71: nein | P71: nein | Q71: nein | T71: 25 | U71: 12 | V71: 12 | W71: 10 | X71: =SUM(T71:W71) -> 59 | Y71: Langläufer | Z71: Liste 2 | AA71: Ralf Gleser | AB71: post@p3architekten.de | AC71: https://www.p3architekten.de/impressum.html
A72: 71 | B72: Karate Dojo Neunkirchen | C72: Kampfsportschule | D72: Freizeit/Sport/Kurse | E72: Neunkirchen | G72: https://karatedojo-neunkirchen.de/ | H72: live | I72: ja | J72: nein | K72: 5.3 | L72: One.com Web Editor | M72: Sun, 24 May 2026 15:19:50 GMT | N72: ja | O72: nein | P72: nein | Q72: nein | T72: 25 | U72: 15 | V72: 13 | W72: 6 | X72: =SUM(T72:W72) -> 59 | Y72: Quick Win | Z72: Liste 2 | AB72: webmaster@karatedojo-neunkirchen.de | AC72: https://karatedojo-neunkirchen.de/kontakt
A73: 72 | B73: AMEPA-Service Schädlingsbekämpfung Peter Lösch | C73: Schädlingsbekämpfung | D73: Handwerk/Bau | E73: Oberer Friedhofsweg 7, 66538 Neunkirchen | F73: 06821 86 95 78 | G73: https://www.amepa-service.de/ | H73: nur HTTP | I73: nein | J73: ? | K73: 1.1 | N73: nein | O73: nein | P73: nein | Q73: nein | T73: 22 | U73: 16 | V73: 15 | W73: 6 | X73: =SUM(T73:W73) -> 59 | Y73: Nicht prüfbar | Z73: Liste 2
A74: 73 | B74: Auto Galerie Saar GmbH | C74: Autohaus | D74: Kfz/Zweirad | E74: An der Alten Ziegelei 1, 66538 Neunkirchen | F74: 06821 8 69 19 10 | G74: https://www.auto-galerie-saar.de/ | H74: nur HTTP | I74: nein | J74: ? | K74: 0.7 | N74: nein | O74: nein | P74: nein | Q74: nein | T74: 22 | U74: 16 | V74: 15 | W74: 6 | X74: =SUM(T74:W74) -> 59 | Y74: Nicht prüfbar | Z74: Liste 2
A75: 74 | B75: Cakmak Kfz-Sachverständigenbüro | C75: Kfz-Sachverständiger | D75: Kfz/Zweirad | E75: Kirkeler Str. 27, 66538 Neunkirchen | F75: 06821 9 57 39 45 | G75: https://www.cakmak.de.rs/ | H75: nur HTTP | I75: nein | J75: ? | K75: 0.6 | N75: nein | O75: nein | P75: nein | Q75: nein | T75: 22 | U75: 16 | V75: 15 | W75: 6 | X75: =SUM(T75:W75) -> 59 | Y75: Nicht prüfbar | Z75: Liste 2
A76: 75 | B76: CITROEN Autohaus Bäcker GmbH & Co. KG | C76: Autohaus | D76: Kfz/Zweirad | E76: Bliesstr. 50-54, 66538 Neunkirchen | F76: 06821 93 15 93 | G76: https://jochem-gruppe.de/ | H76: nur HTTP | I76: nein | J76: ? | K76: 2 | N76: nein | O76: nein | P76: nein | Q76: nein | T76: 22 | U76: 16 | V76: 15 | W76: 6 | X76: =SUM(T76:W76) -> 59 | Y76: Nicht prüfbar | Z76: Liste 2
A77: 76 | B77: Emmrich GmbH | C77: Baubedarf | D77: Handwerk/Bau | E77: Oststr. 17, 66538 Neunkirchen | F77: 06821 2 24 40 | G77: https://www.emmrichgmbh.de/ | H77: nur HTTP | I77: nein | J77: ? | K77: 1.1 | N77: nein | O77: nein | P77: nein | Q77: nein | T77: 22 | U77: 16 | V77: 15 | W77: 6 | X77: =SUM(T77:W77) -> 59 | Y77: Nicht prüfbar | Z77: Liste 2
A78: 77 | B78: EOC Trockenbau | C78: Trockenbau | D78: Handwerk/Bau | E78: Schlesierweg 25, 66538 Neunkirchen | F78: 0162 1 71 33 91 | G78: http://www.eoc-trockenbau.de | H78: nur HTTP | I78: nein | J78: ? | N78: nein | O78: nein | P78: nein | Q78: nein | T78: 22 | U78: 16 | V78: 15 | W78: 6 | X78: =SUM(T78:W78) -> 59 | Y78: Nicht prüfbar | Z78: Liste 2
A79: 78 | B79: MONTUORO & SAMMEL GMBH Stuckateur- u. Malerbetrieb | C79: Stuckateur/Maler | D79: Handwerk/Bau | E79: Bliesstr. 64, 66538 Neunkirchen | F79: 06821 9 95 32 57 | G79: https://www.ms-stuck.de/ | H79: nur HTTP | I79: nein | J79: ? | K79: 10.6 | N79: nein | O79: nein | P79: nein | Q79: nein | T79: 22 | U79: 16 | V79: 15 | W79: 6 | X79: =SUM(T79:W79) -> 59 | Y79: Nicht prüfbar | Z79: Liste 2 | AA79: Martin Sammel | AB79: info@ms-stuck.de | AC79: https://www.ms-stuck.de/impressum.php
A80: 79 | B80: Rrustemi Musli | C80: Trockenbau | D80: Handwerk/Bau | E80: Karl-Schneider-Str. 9, 66538 Neunkirchen | F80: 0160 96 95 76 90 | G80: https://www.rrustemi-trockenbau.de/ | H80: nur HTTP | I80: nein | J80: ? | K80: 1.5 | N80: nein | O80: nein | P80: nein | Q80: nein | T80: 22 | U80: 16 | V80: 15 | W80: 6 | X80: =SUM(T80:W80) -> 59 | Y80: Nicht prüfbar | Z80: Liste 2
A81: 80 | B81: Beauty Center Furpach | C81: Kosmetikstudio | D81: Beauty/Körperpflege | E81: Kohlhofweg 7, 66539 Neunkirchen | F81: 06821 36 14 36 | G81: https://www.beauty-center-furpach.de/ | H81: nur HTTP | I81: nein | J81: ? | K81: 0.4 | N81: nein | O81: nein | P81: nein | Q81: nein | T81: 22 | U81: 17 | V81: 14 | W81: 6 | X81: =SUM(T81:W81) -> 59 | Y81: Nicht prüfbar | Z81: Liste 2
A82: 81 | B82: Praxis Sei frei | C82: Massage/Körpertherapie | D82: Beauty/Körperpflege | E82: Hirschbergsiedlung 9, 66539 Neunkirchen | F82: 0176 22 88 75 19 | G82: https://www.praxis-seifrei.de/ | H82: nur HTTP | I82: nein | J82: ? | K82: 0.7 | N82: nein | O82: nein | P82: nein | Q82: nein | T82: 22 | U82: 17 | V82: 14 | W82: 6 | X82: =SUM(T82:W82) -> 59 | Y82: Nicht prüfbar | Z82: Liste 2
A83: 82 | B83: Nail Design Guldner Nagelstudio | C83: Nagelstudio | D83: Beauty/Körperpflege | E83: Flurweg 22, 66539 Neunkirchen | F83: 06821 3 39 05 | G83: https://www.naildesign-guldner.de/ | H83: nur HTTP | I83: nein | J83: ? | K83: 0.7 | N83: nein | O83: nein | P83: nein | Q83: nein | T83: 22 | U83: 17 | V83: 14 | W83: 6 | X83: =SUM(T83:W83) -> 59 | Y83: Nicht prüfbar | Z83: Liste 2
A84: 83 | B84: Ferienwohnung Haus am Berg | C84: Ferienwohnung | D84: Hotel/Pension | E84: Kuchenbergstr. 226, 66540 Neunkirchen | F84: 06821 25146 | G84: https://www.haus-am-berg-neunkirchen.de/ | H84: live | I84: ja | J84: ja | K84: 6.2 | L84: IONOS MyWebsite | N84: nein | O84: nein | P84: nein | Q84: nein | R84: 4.8 | S84: 30 | T84: 21 | U84: 14 | V84: 14 | W84: 10 | X84: =SUM(T84:W84) -> 59 | Y84: Quick Win | Z84: Liste 2 | AB84: maja.baus@gmx.de | AC84: https://www.haus-am-berg-neunkirchen.de/impressum-agb/
A85: 84 | B85: M-Trucks GmbH | C85: Nutzfahrzeughandel | D85: Kfz/Zweirad | E85: Grubenstr. 9, 66540 Neunkirchen | F85: 06821 7 49 63 14 | G85: https://www.m-trucks.de/ | H85: live | I85: ja | J85: ja | K85: 10.8 | L85: All in One SEO (AIOSEO) 4.9.10 | N85: nein | O85: nein | P85: nein | Q85: nein | T85: 20 | U85: 16 | V85: 13 | W85: 10 | X85: =SUM(T85:W85) -> 59 | Y85: Quick Win | Z85: Liste 2 | AB85: info@m-trucks.de | AC85: https://www.m-trucks.de/impressum/
A86: 85 | B86: Pemotec GmbH Autoreparaturen | C86: Kfz-Werkstatt | D86: Kfz/Zweirad | E86: Rombachstr. 99, 66539 Neunkirchen | F86: 06821 2 90 26 80 | G86: https://www.pemotec.de/ | H86: live | I86: ja | J86: ja | K86: 4.2 | M86: Thu, 08 Feb 2024 08:15:42 GMT | N86: nein | O86: nein | P86: nein | Q86: nein | T86: 20 | U86: 16 | V86: 13 | W86: 10 | X86: =SUM(T86:W86) -> 59 | Y86: Quick Win | Z86: Liste 2 | AB86: service@pemotec.de | AC86: https://www.pemotec.de/impressum.html
A87: 86 | B87: Jochum Günther Dr. med. Internisten-Kardiologie | C87: Kardiologie | D87: Praxis/Gesundheit | E87: Boxbergweg 3, 66538 Neunkirchen | F87: 06821 9 72 28 60 | G87: https://kardiologie-dr-gross.de/ | H87: live | I87: ja | J87: ja | K87: 7.8 | L87: WordPress 7.1.3 | N87: nein | O87: nein | P87: nein | Q87: nein | T87: 20 | U87: 13 | V87: 16 | W87: 10 | X87: =SUM(T87:W87) -> 59 | Y87: Solide Chance | Z87: Liste 2 | AC87: https://kardiologie-dr-gross.de/impressum/
A88: 87 | B88: La Campanella | C88: Pizzeria | D88: Lieferdienst/Imbiss | E88: Marienstr. 8, 66538 Neunkirchen | F88: 06821 3624333 | G88: https://www.la-campanella-neunkirchen.de/ | H88: live | I88: ja | J88: nein | K88: 9.4 | N88: nein | O88: nein | P88: nein | Q88: ja | T88: 18 | U88: 12 | V88: 20 | W88: 9 | X88: =SUM(T88:W88) -> 59 | Y88: Umsatzhebel | Z88: Liste 1 | AC88: https://www.la-campanella-neunkirchen.de/colofon
A89: 88 | B89: Planungsbüro Anken & Schneider | C89: Planungsbüro | D89: Handel/Dienstleistung | E89: Taubenaustr. 7, 66538 Neunkirchen | F89: 06821 9 81 98-1 | G89: https://www.anken-schneider.eu/ | H89: nur HTTP | I89: nein | J89: ? | K89: 0.7 | N89: nein | O89: nein | P89: nein | Q89: nein | T89: 22 | U89: 16 | V89: 14 | W89: 6 | X89: =SUM(T89:W89) -> 58 | Y89: Nicht prüfbar | Z89: Liste 2
A90: 89 | B90: Müller Philippe Dres.med. Gemeinschaftspraxis für Neurologie und Psychiatrie , Chrysostomos Kyprianou | C90: Neurologie/Psychiatrie | D90: Praxis/Gesundheit | E90: Bahnhofstr. 47, 66538 Neunkirchen | F90: 06821 2 34 91 | G90: https://www.xn--mller-kyprianou-nervenrzte-1hc46d.de/ | H90: live | I90: ja | J90: nein | K90: 2.7 | N90: nein | O90: nein | P90: nein | Q90: ja | T90: 22 | U90: 13 | V90: 16 | W90: 7 | X90: =SUM(T90:W90) -> 58 | Y90: Solide Chance | Z90: Liste 2 | AA90: Chrysostomos Kyprianou | AC90: https://www.xn--mller-kyprianou-nervenrzte-1hc46d.de/impressum
A91: 90 | B91: Werbedruck Klischat u. Schmidt Offsetdruckerei GmbH | C91: Druckerei | D91: Handel/Dienstleistung | E91: Untere Bliesstr. 11, 66538 Neunkirchen | F91: 06821 2 90 40 | G91: https://www.vips-magazin.de/ | H91: nur HTTP | I91: nein | J91: ? | K91: 1.7 | N91: nein | O91: nein | P91: nein | Q91: nein | T91: 22 | U91: 16 | V91: 14 | W91: 6 | X91: =SUM(T91:W91) -> 58 | Y91: Nicht prüfbar | Z91: Liste 2
A92: 91 | B92: Campus Lernstudio Nachhilfe Sprach- und EDV-Kurse | C92: Nachhilfe und Sprachkurse | D92: Handel/Dienstleistung | E92: Königstr. 23, 66538 Neunkirchen | F92: 06821 17 88 03 | G92: https://www.campus-lernstudio.de/ | H92: nur HTTP | I92: nein | J92: ? | K92: 1 | N92: nein | O92: nein | P92: nein | Q92: nein | T92: 22 | U92: 16 | V92: 14 | W92: 6 | X92: =SUM(T92:W92) -> 58 | Y92: Nicht prüfbar | Z92: Liste 2
A93: 92 | B93: CMS Schneider Kommunikationstechnik | C93: Kommunikationstechnik | D93: Handel/Dienstleistung | E93: Oststr. 7, 66538 Neunkirchen | F93: 06821 1 21 69 | G93: https://schneider-nk.de/ | H93: nur HTTP | I93: nein | J93: ? | K93: 0.9 | N93: nein | O93: nein | P93: nein | Q93: nein | T93: 22 | U93: 16 | V93: 14 | W93: 6 | X93: =SUM(T93:W93) -> 58 | Y93: Nicht prüfbar | Z93: Liste 2
A94: 93 | B94: Melanie Hombach Werbestudio | C94: Werbeagentur | D94: Handel/Dienstleistung | E94: Güterbahnhof 4, 66538 Neunkirchen | F94: 0172 4 64 44 46 | G94: https://werbestudio-saarpfalz.de/ | H94: nur HTTP | I94: nein | J94: ? | K94: 6 | N94: nein | O94: nein | P94: nein | Q94: nein | T94: 22 | U94: 16 | V94: 14 | W94: 6 | X94: =SUM(T94:W94) -> 58 | Y94: Nicht prüfbar | Z94: Liste 2
A95: 94 | B95: Parthenon Griechische Spezialitäten | C95: Griechisches Restaurant | D95: Gastronomie | E95: Winterfloß 26, 66539 Neunkirchen | F95: 06821 41381 | G95: https://parthenongrill.de/ | H95: nur HTTP | I95: nein | J95: ? | K95: 1.3 | N95: nein | O95: nein | P95: nein | Q95: nein | T95: 22 | U95: 15 | V95: 15 | W95: 6 | X95: =SUM(T95:W95) -> 58 | Y95: Nicht prüfbar | Z95: Liste 2
A96: 95 | B96: Isopor GmbH | C96: Isolierarbeiten | D96: Handel/Dienstleistung | E96: Hermannstr. 152, 66538 Neunkirchen | F96: 06821 98 19 40 | G96: https://isopor.de/ | H96: live | I96: ja | J96: nein | K96: 8.7 | L96: WP Rocket 3.23 | M96: Sun, 18 Oct 2026 16:32:25 GMT | N96: nein | O96: nein | P96: nein | Q96: ja | T96: 21 | U96: 16 | V96: 14 | W96: 7 | X96: =SUM(T96:W96) -> 58 | Y96: Quick Win | Z96: Liste 2
A97: 96 | B97: Kurz Manfred Auto- u. Anhängerverleih | C97: Auto- und Anhängerverleih | D97: Kfz/Zweirad | E97: Spieser Str. 115-117, 66538 Neunkirchen | F97: 06821 8 83 17 | G97: https://www.kurz-neunkirchen.de/ | H97: live | I97: ja | J97: ja | K97: 4.9 | L97: IONOS MyWebsite | N97: ja | O97: nein | P97: nein | Q97: nein | T97: 21 | U97: 16 | V97: 15 | W97: 6 | X97: =SUM(T97:W97) -> 58 | Y97: Quick Win | Z97: Liste 2 | AB97: info@kurz-neunkirchen.de | AC97: https://www.kurz-neunkirchen.de/impressum/
A98: 97 | B98: WFA Weinfachagentur Benkert GmbH | C98: Weinhandel | D98: Lebensmittelhandwerk | E98: Geißenbrünnchen 52, 66539 Neunkirchen | F98: 06821 4 01 74-60 | G98: https://www.wfa-benkert.de/ | H98: live | I98: ja | J98: nein | K98: 6.1 | L98: Wix.com Website Builder | N98: nein | O98: nein | P98: nein | Q98: nein | T98: 19 | U98: 16 | V98: 13 | W98: 10 | X98: =SUM(T98:W98) -> 58 | Y98: Quick Win | Z98: Liste 2 | AA98: Jutta Weber-Benkert | AB98: info@wfa-benkert.de | AC98: https://www.wfa-benkert.de/impressum
A99: 98 | B99: Ristorante Da Antonietta | C99: Pizzeria/Lieferservice | D99: Lieferdienst/Imbiss | E99: Bürgermeister-Regitz-Str. 145, 66539 Neunkirchen | F99: 06821 87698 | G99: https://pizzeria-antonietta.de/ | H99: live | I99: ja | J99: ja | K99: 18.6 | N99: nein | O99: nein | P99: nein | Q99: ja | T99: 19 | U99: 16 | V99: 16 | W99: 7 | X99: =SUM(T99:W99) -> 58 | Y99: Umsatzhebel | Z99: Liste 2 | AA99: Antonietta Bruni | AC99: https://pizzeria-antonietta.de/impressum/
A100: 99 | B100: Tanzwerkstatt Susanne Sprung | C100: Tanzschule | D100: Freizeit/Sport/Kurse | E100: Hüttenbergstr. 6, 66538 Neunkirchen | F100: 06821 690035 | G100: https://die-tanzwerkstatt.de/ | H100: live | I100: ja | J100: ja | K100: 11.4 | L100: DIVI Child one v. | N100: ja | O100: ja | P100: nein | Q100: nein | R100: 5 | S100: 11 | T100: 16 | U100: 15 | V100: 18 | W100: 9 | X100: =SUM(T100:W100) -> 58 | Y100: Solide Chance | Z100: Liste 1
...

Sheet Outreach
A1: Rang | B1: Betrieb | C1: Welle | D1: Segment | E1: Inhaber/in | F1: Anrede | G1: Straße, PLZ Ort | H1: Telefon | I1: E-Mail (nur nach Einwilligung) | J1: Domain | K1: Aufhänger 1 | L1: Aufhänger 2 (P.S.) | M1: Winkel | N1: Extra | O1: Preis | P1: Monat | Q1: Ziel | R1: Tipp | S1: Vorlage Brief | T1: Vorschau-Link (optional) | U1: Betreff Brief | V1: Brief-Text | W1: Mail nach Besuch (M1) | X1: Nachfassen Tag 3 (F1) | Y1: Nachfassen Tag 7 (F2) | Z1: Nachfassen Tag 14 (F3) | AA1: WhatsApp (W1) | AB1: Kanal | AC1: Datum Erstkontakt | AD1: Status | AE1: Nächster Schritt fällig | AF1: Notiz | AG1: Score | AH1: Label
A2: 1 | B2: Asia Wok Bistro | C2: 1 | D2: Gastronomie | F2: Guten Tag, | G2: Brückenstr. 26, 66538 Neunkirchen | H2: 06821 140373 | J2: asia-restaurant-neunkirchen.de | K2: Ihre Seite ist nicht für Smartphones angepasst. Auf dem Handy erscheint sie stark verkleinert, man muss zoomen, um etwas zu lesen. | L2: Sie haben 230 Google-Bewertungen mit 4,4 Sternen. Auf Ihrer Website sieht man davon nichts. | M2: Gäste suchen abends auf dem Handy nach Speisekarte, Öffnungszeiten und einem Platz für heute. | N2: eine Online-Reservierung und eine Seite für Feiern und Gruppen | O2: ab 990 € | P2: ab 39 € | Q2: mehr Reservierungen | R2: Laden Sie im Google-Unternehmensprofil fünf aktuelle Fotos hoch: ein Gericht, den Gastraum, die Außenansicht, das Team, die Theke. Google empfiehlt selbst, Fotos regelmäßig zu erneuern. | S2: B2 | U2: =SUBSTITUTE(SUBSTITUTE(SUBSTITUTE(SUBSTITUTE(SUBSTITUTE(SUBSTITUTE(SUBSTITUTE(SUBSTITUTE(SUBSTITUTE(SUBSTITUTE(SUBSTITUTE(SUBSTITUTE(SUBSTITUTE(SUBSTITUTE(SUBSTITUTE(SUBSTITUTE(SUBSTITUTE(INDEX(Vorlagen!$E:$E,MATCH($S2,Vorlagen!$A:$A,0)),"{Anrede}",$F2),"{Betrieb}",$B2),"{Domain}",$J2),"{Hook1}",$K2),"{Hook2}",$L2),"{Winkel}",$M2),"{Extra}",$N2),"{Preis}",$O2),"{Monat}",$P2),"{Ziel}",$Q2),"{Tipp}",$R2),"{Vorschau_Link}",IF($T2="",S_Vorschau_Link,$T2)),"{Absender}",S_Absender),"{Absender_Web}",S_Absender_Web),"{Telefon}",S_Telefon),"{Termin_Vorschlag}",S_Termin_Vorschlag),"{Referenzpreis_Datum}",S_Referenzpreis_Datum) -> Asia Wok Bistro: so könnte Ihre Website aussehen | V2: =SUBSTITUTE(SUBSTITUTE(SUBSTITUTE(SUBSTITUTE(SUBSTITUTE(SUBSTITUTE(SUBSTITUTE(SUBSTITUTE(SUBSTITUTE(SUBSTITUTE(SUBSTITUTE(SUBSTITUTE(SUBSTITUTE(SUBSTITUTE(SUBSTITUTE(SUBSTITUTE(SUBSTITUTE(INDEX(Vorlagen!$F:$F,MATCH($S2,Vorlagen!$A:$A,0)),"{Anrede}",$F2),"{Betrieb}",$B2),"{Domain}",$J2),"{Hook1}",$K2),"{Hook2}",$L2),"{Winkel}",$M2),"{Extra}",$N2),"{Preis}",$O2),"{Monat}",$P2),"{Ziel}",$Q2),"{Tipp}",$R2),"{Vorschau_Link}",IF($T2="",S_Vorschau_Link,$T2)),"{Absender}",S_Absender),"{Absender_Web}",S_Absender_Web),"{Telefon}",S_Telefon),"{Termin_Vorschlag}",S_Termin_Vorschlag),"{Referenzpreis_Datum}",S_Referenzpreis_Datum) -> Guten Tag, ich bin Jean, Webdesigner und KI-Berater hier in Neunkirchen. Ich habe Ihre Startseite einmal neu gestaltet, mit Ihren eigenen Texten und Fotos. Das Ergebnis liegt bei: links Ihre Seite heute, rechts der Entwurf. Warum ich mich melde: Ihre Seite ist nicht für Smartphones angepasst. Auf dem Handy erscheint sie stark verkleinert, man muss zoomen, um etwas zu lesen. Gäste suchen abends auf dem Handy nach Speisekarte, Öffnungszeiten und einem Platz für heute. Der Entwurf ist fertig. Ob Sie ihn nutzen, entscheiden Sie. Wenn Sie ihn auf Ihrem Handy sehen möchten, scannen Sie den QR-Code oder schreiben Sie mir per WhatsApp an . Ich komme auch gern für 15 Minuten vorbei. Damit Sie nicht raten müssen: ab 990 € einmalig, Betreuung ab 39 € im Monat. Die zweite Hälfte zahlen Sie erst, wenn die Seite online ist und Ihnen gefällt. Viele Grüße aus Neunkirchen Jean P.S. Sie haben 230 Google-Bewertungen mit 4,4 Sternen. Auf Ihrer Website sieht man davon nichts. Ihre Anschrift stammt aus Ihrem Impressum bzw. öffentlichen Branchenverzeichnissen. Wenn Sie keine Post mehr von mir möchten, genügt ein kurzer Hinweis. | W2: =SUBSTITUTE(SUBSTITUTE(SUBSTITUTE(SUBSTITUTE(SUBSTITUTE(SUBSTITUTE(SUBSTITUTE(SUBSTITUTE(SUBSTITUTE(SUBSTITUTE(SUBSTITUTE(SUBSTITUTE(SUBSTITUTE(SUBSTITUTE(SUBSTITUTE(SUBSTITUTE(SUBSTITUTE(Vorlagen!$F$5,"{Anrede}",$F2),"{Betrieb}",$B2),"{Domain}",$J2),"{Hook1}",$K2),"{Hook2}",$L2),"{Winkel}",$M2),"{Extra}",$N2),"{Preis}",$O2),"{Monat}",$P2),"{Ziel}",$Q2),"{Tipp}",$R2),"{Vorschau_Link}",IF($T2="",S_Vorschau_Link,$T2)),"{Absender}",S_Absender),"{Absender_Web}",S_Absender_Web),"{Telefon}",S_Telefon),"{Termin_Vorschlag}",S_Termin_Vorschlag),"{Referenzpreis_Datum}",S_Referenzpreis_Datum) -> Guten Tag, danke für die paar Minuten heute. Wie besprochen hier die Vorschau für Asia Wok Bistro: Öffnen Sie sie am besten auf dem Handy, so sehen Ihre Kunden die Seite auch. Kurz zusammengefasst: - Heute: Ihre Seite ist nicht für Smartphones angepasst. Auf dem Handy erscheint sie stark verkleinert, man muss zoomen, um etwas zu lesen. - Neu: Alles ist auf das Handy ausgelegt, dazu eine Online-Reservierung und eine Seite für Feiern und Gruppen. - Ihre Inhalte bleiben. Sie müssen nichts neu schreiben. Preis: ab 990 € einmalig, Betreuung ab 39 € im Monat. Die zweite Hälfte zahlen Sie erst nach dem Livegang. Nächster Schritt: 15 Minuten, in denen wir Fotos und zwei, drei Wünsche durchgehen. Passt Ihnen Donnerstag gegen 15 Uhr? Viele Grüße Jean Wenn Sie keine weiteren Nachrichten von mir möchten, genügt eine kurze Antwort. | X2: =SUBSTITUTE(SUBSTITUTE(SUBSTITUTE(SUBSTITUTE(SUBSTITUTE(SUBSTITUTE(SUBSTITUTE(SUBSTITUTE(SUBSTITUTE(SUBSTITUTE(SUBSTITUTE(SUBSTITUTE(SUBSTITUTE(SUBSTITUTE(SUBSTITUTE(SUBSTITUTE(SUBSTITUTE(Vorlagen!$F$7,"{Anrede}",$F2),"{Betrieb}",$B2),"{Domain}",$J2),"{Hook1}",$K2),"{Hook2}",$L2),"{Winkel}",$M2),"{Extra}",$N2),"{Preis}",$O2),"{Monat}",$P2),"{Ziel}",$Q2),"{Tipp}",$R2),"{Vorschau_Link}",IF($T2="",S_Vorschau_Link,$T2)),"{Absender}",S_Absender),"{Absender_Web}",S_Absender_Web),"{Telefon}",S_Telefon),"{Termin_Vorschlag}",S_Termin_Vorschlag),"{Referenzpreis_Datum}",S_Referenzpreis_Datum) -> Guten Tag, kurz nachgefragt: Konnten Sie die Vorschau schon auf dem Handy ansehen? Wenn Sie mögen, setze ich bis Ende der Woche Ihre eigenen Fotos ein. Dann sehen Sie die Seite so, wie sie online gehen würde. Ein kurzes "Ja, machen" genügt. Viele Grüße Jean Wenn Sie keine weiteren Nachrichten von mir möchten, genügt eine kurze Antwort. | Y2: =SUBSTITUTE(SUBSTITUTE(SUBSTITUTE(SUBSTITUTE(SUBSTITUTE(SUBSTITUTE(SUBSTITUTE(SUBSTITUTE(SUBSTITUTE(SUBSTITUTE(SUBSTITUTE(SUBSTITUTE(SUBSTITUTE(SUBSTITUTE(SUBSTITUTE(SUBSTITUTE(SUBSTITUTE(Vorlagen!$F$8,"{Anrede}",$F2),"{Betrieb}",$B2),"{Domain}",$J2),"{Hook1}",$K2),"{Hook2}",$L2),"{Winkel}",$M2),"{Extra}",$N2),"{Preis}",$O2),"{Monat}",$P2),"{Ziel}",$Q2),"{Tipp}",$R2),"{Vorschau_Link}",IF($T2="",S_Vorschau_Link,$T2)),"{Absender}",S_Absender),"{Absender_Web}",S_Absender_Web),"{Telefon}",S_Telefon),"{Termin_Vorschlag}",S_Termin_Vorschlag),"{Referenzpreis_Datum}",S_Referenzpreis_Datum) -> Guten Tag, unabhängig davon, ob wir zusammenarbeiten, hier ein Tipp, der in fünf Minuten erledigt ist: Laden Sie im Google-Unternehmensprofil fünf aktuelle Fotos hoch: ein Gericht, den Gastraum, die Außenansicht, das Team, die Theke. Google empfiehlt selbst, Fotos regelmäßig zu erneuern. Die Vorschau Ihrer neuen Seite liegt weiter für Sie bereit: Bei Fragen rufen Sie mich einfach an: Viele Grüße Jean Wenn Sie keine weiteren Nachrichten von mir möchten, genügt eine kurze Antwort. | Z2: =SUBSTITUTE(SUBSTITUTE(SUBSTITUTE(SUBSTITUTE(SUBSTITUTE(SUBSTITUTE(SUBSTITUTE(SUBSTITUTE(SUBSTITUTE(SUBSTITUTE(SUBSTITUTE(SUBSTITUTE(SUBSTITUTE(SUBSTITUTE(SUBSTITUTE(SUBSTITUTE(SUBSTITUTE(Vorlagen!$F$9,"{Anrede}",$F2),"{Betrieb}",$B2),"{Domain}",$J2),"{Hook1}",$K2),"{Hook2}",$L2),"{Winkel}",$M2),"{Extra}",$N2),"{Preis}",$O2),"{Monat}",$P2),"{Ziel}",$Q2),"{Tipp}",$R2),"{Vorschau_Link}",IF($T2="",S_Vorschau_Link,$T2)),"{Absender}",S_Absender),"{Absender_Web}",S_Absender_Web),"{Telefon}",S_Telefon),"{Termin_Vorschlag}",S_Termin_Vorschlag),"{Referenzpreis_Datum}",S_Referenzpreis_Datum) -> Guten Tag, ich möchte Ihr Postfach nicht füllen, deshalb ist das meine letzte Nachricht dazu. Den Referenzpreis halte ich für Sie bis 30.11.2026. Danach nehme ich die Vorschau aus dem Netz. Eine Ziffer als Antwort genügt mir: 1 = Ja, lassen Sie uns kurz sprechen 2 = Später, melden Sie sich im neuen Jahr 3 = Kein Interesse Danke und viele Grüße Jean | AA2: =SUBSTITUTE(SUBSTITUTE(SUBSTITUTE(SUBSTITUTE(SUBSTITUTE(SUBSTITUTE(SUBSTITUTE(SUBSTITUTE(SUBSTITUTE(SUBSTITUTE(SUBSTITUTE(SUBSTITUTE(SUBSTITUTE(SUBSTITUTE(SUBSTITUTE(SUBSTITUTE(SUBSTITUTE(Vorlagen!$F$10,"{Anrede}",$F2),"{Betrieb}",$B2),"{Domain}",$J2),"{Hook1}",$K2),"{Hook2}",$L2),"{Winkel}",$M2),"{Extra}",$N2),"{Preis}",$O2),"{Monat}",$P2),"{Ziel}",$Q2),"{Tipp}",$R2),"{Vorschau_Link}",IF($T2="",S_Vorschau_Link,$T2)),"{Absender}",S_Absender),"{Absender_Web}",S_Absender_Web),"{Telefon}",S_Telefon),"{Termin_Vorschlag}",S_Termin_Vorschlag),"{Referenzpreis_Datum}",S_Referenzpreis_Datum) -> Hallo, hier ist Jean von vorhin. Hier die Vorschau für Asia Wok Bistro, am besten gleich auf dem Handy öffnen: Ich melde mich Donnerstag gegen 15 Uhr kurz wegen der Fotos. Viele Grüße | AD2: offen | AE2: =IF(OR($AC2="",$AD2="Auftrag",$AD2="Abgesagt"),"",IF($AD2="Brief versendet",$AC2+5,IF($AD2="Vorschau gesendet",$AC2+3,IF($AD2="Nachgefasst 1",$AC2+7,IF($AD2="Nachgefasst 2",$AC2+14,""))))) | AG2: 77 | AH2: Umsatzhebel
A3: 2 | B3: Schlüssel Thielen | C3: 1 | D3: Handel/Dienstleistung | F3: Guten Tag, | G3: Hüttenbergstr. 30, 66538 Neunkirchen | H3: 06821 22510 | I3: info@schluessel-thielen.de | J3: schluessel-thielen.de | K3: Auf dem Handy ist Ihre Seite breiter als der Bildschirm. Man muss seitlich wischen, um alles zu sehen. | L3: Auf Ihrer Startseite steht fast kein Text. Google kann dadurch kaum erkennen, was Sie anbieten. | M3: Kunden prüfen vor dem Weg in die Stadt kurz auf dem Handy, ob Sie haben, was sie suchen. | N3: eine Sortiments- und Aktionsseite, die Sie selbst pflegen | O3: ab 690 € | P3: ab 29 € | Q3: mehr Laufkundschaft | R3: Tragen Sie Ihre Samstags- und Feiertagszeiten im Google-Profil ein und laden Sie drei aktuelle Fotos vom Schaufenster hoch. | S3: B2 | U3: =SUBSTITUTE(SUBSTITUTE(SUBSTITUTE(SUBSTITUTE(SUBSTITUTE(SUBSTITUTE(SUBSTITUTE(SUBSTITUTE(SUBSTITUTE(SUBSTITUTE(SUBSTITUTE(SUBSTITUTE(SUBSTITUTE(SUBSTITUTE(SUBSTITUTE(SUBSTITUTE(SUBSTITUTE(INDEX(Vorlagen!$E:$E,MATCH($S3,Vorlagen!$A:$A,0)),"{Anrede}",$F3),"{Betrieb}",$B3),"{Domain}",$J3),"{Hook1}",$K3),"{Hook2}",$L3),"{Winkel}",$M3),"{Extra}",$N3),"{Preis}",$O3),"{Monat}",$P3),"{Ziel}",$Q3),"{Tipp}",$R3),"{Vorschau_Link}",IF($T3="",S_Vorschau_Link,$T3)),"{Absender}",S_Absender),"{Absender_Web}",S_Absender_Web),"{Telefon}",S_Telefon),"{Termin_Vorschlag}",S_Termin_Vorschlag),"{Referenzpreis_Datum}",S_Referenzpreis_Datum) -> Schlüssel Thielen: so könnte Ihre Website aussehen | V3: =SUBSTITUTE(SUBSTITUTE(SUBSTITUTE(SUBSTITUTE(SUBSTITUTE(SUBSTITUTE(SUBSTITUTE(SUBSTITUTE(SUBSTITUTE(SUBSTITUTE(SUBSTITUTE(SUBSTITUTE(SUBSTITUTE(SUBSTITUTE(SUBSTITUTE(SUBSTITUTE(SUBSTITUTE(INDEX(Vorlagen!$F:$F,MATCH($S3,Vorlagen!$A:$A,0)),"{Anrede}",$F3),"{Betrieb}",$B3),"{Domain}",$J3),"{Hook1}",$K3),"{Hook2}",$L3),"{Winkel}",$M3),"{Extra}",$N3),"{Preis}",$O3),"{Monat}",$P3),"{Ziel}",$Q3),"{Tipp}",$R3),"{Vorschau_Link}",IF($T3="",S_Vorschau_Link,$T3)),"{Absender}",S_Absender),"{Absender_Web}",S_Absender_Web),"{Telefon}",S_Telefon),"{Termin_Vorschlag}",S_Termin_Vorschlag),"{Referenzpreis_Datum}",S_Referenzpreis_Datum) -> Guten Tag, ich bin Jean, Webdesigner und KI-Berater hier in Neunkirchen. Ich habe Ihre Startseite einmal neu gestaltet, mit Ihren eigenen Texten und Fotos. Das Ergebnis liegt bei: links Ihre Seite heute, rechts der Entwurf. Warum ich mich melde: Auf dem Handy ist Ihre Seite breiter als der Bildschirm. Man muss seitlich wischen, um alles zu sehen. Kunden prüfen vor dem Weg in die Stadt kurz auf dem Handy, ob Sie haben, was sie suchen. Der Entwurf ist fertig. Ob Sie ihn nutzen, entscheiden Sie. Wenn Sie ihn auf Ihrem Handy sehen möchten, scannen Sie den QR-Code oder schreiben Sie mir per WhatsApp an . Ich komme auch gern für 15 Minuten vorbei. Damit Sie nicht raten müssen: ab 690 € einmalig, Betreuung ab 29 € im Monat. Die zweite Hälfte zahlen Sie erst, wenn die Seite online ist und Ihnen gefällt. Viele Grüße aus Neunkirchen Jean P.S. Auf Ihrer Startseite steht fast kein Text. Google kann dadurch kaum erkennen, was Sie anbieten. Ihre Anschrift stammt aus Ihrem Impressum bzw. öffentlichen Branchenverzeichnissen. Wenn Sie keine Post mehr von mir möchten, genügt ein kurzer Hinweis. | W3: =SUBSTITUTE(SUBSTITUTE(SUBSTITUTE(SUBSTITUTE(SUBSTITUTE(SUBSTITUTE(SUBSTITUTE(SUBSTITUTE(SUBSTITUTE(SUBSTITUTE(SUBSTITUTE(SUBSTITUTE(SUBSTITUTE(SUBSTITUTE(SUBSTITUTE(SUBSTITUTE(SUBSTITUTE(Vorlagen!$F$5,"{Anrede}",$F3),"{Betrieb}",$B3),"{Domain}",$J3),"{Hook1}",$K3),"{Hook2}",$L3),"{Winkel}",$M3),"{Extra}",$N3),"{Preis}",$O3),"{Monat}",$P3),"{Ziel}",$Q3),"{Tipp}",$R3),"{Vorschau_Link}",IF($T3="",S_Vorschau_Link,$T3)),"{Absender}",S_Absender),"{Absender_Web}",S_Absender_Web),"{Telefon}",S_Telefon),"{Termin_Vorschlag}",S_Termin_Vorschlag),"{Referenzpreis_Datum}",S_Referenzpreis_Datum) -> Guten Tag, danke für die paar Minuten heute. Wie besprochen hier die Vorschau für Schlüssel Thielen: Öffnen Sie sie am besten auf dem Handy, so sehen Ihre Kunden die Seite auch. Kurz zusammengefasst: - Heute: Auf dem Handy ist Ihre Seite breiter als der Bildschirm. Man muss seitlich wischen, um alles zu sehen. - Neu: Alles ist auf das Handy ausgelegt, dazu eine Sortiments- und Aktionsseite, die Sie selbst pflegen. - Ihre Inhalte bleiben. Sie müssen nichts neu schreiben. Preis: ab 690 € einmalig, Betreuung ab 29 € im Monat. Die zweite Hälfte zahlen Sie erst nach dem Livegang. Nächster Schritt: 15 Minuten, in denen wir Fotos und zwei, drei Wünsche durchgehen. Passt Ihnen Donnerstag gegen 15 Uhr? Viele Grüße Jean Wenn Sie keine weiteren Nachrichten von mir möchten, genügt eine kurze Antwort. | X3: =SUBSTITUTE(SUBSTITUTE(SUBSTITUTE(SUBSTITUTE(SUBSTITUTE(SUBSTITUTE(SUBSTITUTE(SUBSTITUTE(SUBSTITUTE(SUBSTITUTE(SUBSTITUTE(SUBSTITUTE(SUBSTITUTE(SUBSTITUTE(SUBSTITUTE(SUBSTITUTE(SUBSTITUTE(Vorlagen!$F$7,"{Anrede}",$F3),"{Betrieb}",$B3),"{Domain}",$J3),"{Hook1}",$K3),"{Hook2}",$L3),"{Winkel}",$M3),"{Extra}",$N3),"{Preis}",$O3),"{Monat}",$P3),"{Ziel}",$Q3),"{Tipp}",$R3),"{Vorschau_Link}",IF($T3="",S_Vorschau_Link,$T3)),"{Absender}",S_Absender),"{Absender_Web}",S_Absender_Web),"{Telefon}",S_Telefon),"{Termin_Vorschlag}",S_Termin_Vorschlag),"{Referenzpreis_Datum}",S_Referenzpreis_Datum) -> Guten Tag, kurz nachgefragt: Konnten Sie die Vorschau schon auf dem Handy ansehen? Wenn Sie mögen, setze ich bis Ende der Woche Ihre eigenen Fotos ein. Dann sehen Sie die Seite so, wie sie online gehen würde. Ein kurzes "Ja, machen" genügt. Viele Grüße Jean Wenn Sie keine weiteren Nachrichten von mir möchten, genügt eine kurze Antwort. | Y3: =SUBSTITUTE(SUBSTITUTE(SUBSTITUTE(SUBSTITUTE(SUBSTITUTE(SUBSTITUTE(SUBSTITUTE(SUBSTITUTE(SUBSTITUTE(SUBSTITUTE(SUBSTITUTE(SUBSTITUTE(SUBSTITUTE(SUBSTITUTE(SUBSTITUTE(SUBSTITUTE(SUBSTITUTE(Vorlagen!$F$8,"{Anrede}",$F3),"{Betrieb}",$B3),"{Domain}",$J3),"{Hook1}",$K3),"{Hook2}",$L3),"{Winkel}",$M3),"{Extra}",$N3),"{Preis}",$O3),"{Monat}",$P3),"{Ziel}",$Q3),"{Tipp}",$R3),"{Vorschau_Link}",IF($T3="",S_Vorschau_Link,$T3)),"{Absender}",S_Absender),"{Absender_Web}",S_Absender_Web),"{Telefon}",S_Telefon),"{Termin_Vorschlag}",S_Termin_Vorschlag),"{Referenzpreis_Datum}",S_Referenzpreis_Datum) -> Guten Tag, unabhängig davon, ob wir zusammenarbeiten, hier ein Tipp, der in fünf Minuten erledigt ist: Tragen Sie Ihre Samstags- und Feiertagszeiten im Google-Profil ein und laden Sie drei aktuelle Fotos vom Schaufenster hoch. Die Vorschau Ihrer neuen Seite liegt weiter für Sie bereit: Bei Fragen rufen Sie mich einfach an: Viele Grüße Jean Wenn Sie keine weiteren Nachrichten von mir möchten, genügt eine kurze Antwort. | Z3: =SUBSTITUTE(SUBSTITUTE(SUBSTITUTE(SUBSTITUTE(SUBSTITUTE(SUBSTITUTE(SUBSTITUTE(SUBSTITUTE(SUBSTITUTE(SUBSTITUTE(SUBSTITUTE(SUBSTITUTE(SUBSTITUTE(SUBSTITUTE(SUBSTITUTE(SUBSTITUTE(SUBSTITUTE(Vorlagen!$F$9,"{Anrede}",$F3),"{Betrieb}",$B3),"{Domain}",$J3),"{Hook1}",$K3),"{Hook2}",$L3),"{Winkel}",$M3),"{Extra}",$N3),"{Preis}",$O3),"{Monat}",$P3),"{Ziel}",$Q3),"{Tipp}",$R3),"{Vorschau_Link}",IF($T3="",S_Vorschau_Link,$T3)),"{Absender}",S_Absender),"{Absender_Web}",S_Absender_Web),"{Telefon}",S_Telefon),"{Termin_Vorschlag}",S_Termin_Vorschlag),"{Referenzpreis_Datum}",S_Referenzpreis_Datum) -> Guten Tag, ich möchte Ihr Postfach nicht füllen, deshalb ist das meine letzte Nachricht dazu. Den Referenzpreis halte ich für Sie bis 30.11.2026. Danach nehme ich die Vorschau aus dem Netz. Eine Ziffer als Antwort genügt mir: 1 = Ja, lassen Sie uns kurz sprechen 2 = Später, melden Sie sich im neuen Jahr 3 = Kein Interesse Danke und viele Grüße Jean | AA3: =SUBSTITUTE(SUBSTITUTE(SUBSTITUTE(SUBSTITUTE(SUBSTITUTE(SUBSTITUTE(SUBSTITUTE(SUBSTITUTE(SUBSTITUTE(SUBSTITUTE(SUBSTITUTE(SUBSTITUTE(SUBSTITUTE(SUBSTITUTE(SUBSTITUTE(SUBSTITUTE(SUBSTITUTE(Vorlagen!$F$10,"{Anrede}",$F3),"{Betrieb}",$B3),"{Domain}",$J3),"{Hook1}",$K3),"{Hook2}",$L3),"{Winkel}",$M3),"{Extra}",$N3),"{Preis}",$O3),"{Monat}",$P3),"{Ziel}",$Q3),"{Tipp}",$R3),"{Vorschau_Link}",IF($T3="",S_Vorschau_Link,$T3)),"{Absender}",S_Absender),"{Absender_Web}",S_Absender_Web),"{Telefon}",S_Telefon),"{Termin_Vorschlag}",S_Termin_Vorschlag),"{Referenzpreis_Datum}",S_Referenzpreis_Datum) -> Hallo, hier ist Jean von vorhin. Hier die Vorschau für Schlüssel Thielen, am besten gleich auf dem Handy öffnen: Ich melde mich Donnerstag gegen 15 Uhr kurz wegen der Fotos. Viele Grüße | AD3: offen | AE3: =IF(OR($AC3="",$AD3="Auftrag",$AD3="Abgesagt"),"",IF($AD3="Brief versendet",$AC3+5,IF($AD3="Vorschau gesendet",$AC3+3,IF($AD3="Nachgefasst 1",$AC3+7,IF($AD3="Nachgefasst 2",$AC3+14,""))))) | AG3: 76 | AH3: Quick Win
A4: 3 | B4: L.A.-Nails Nagelstudio | C4: 1 | D4: Beauty/Körperpflege | F4: Guten Tag, | G4: Stummplatz 1, 66538 Neunkirchen | H4: 06821 1 79 91 52 | J4: la-nails.de | K4: Unter Ihrer Domain erscheint derzeit nur eine geparkte Seite des Anbieters GoDaddy. | L4: Sie haben 48 Google-Bewertungen mit 4,3 Sternen. Auf Ihrer Website sieht man davon nichts. | M4: Neukundinnen und Neukunden suchen auf dem Handy und buchen dort, wo es am schnellsten geht. | N4: eine Online-Terminbuchung mit Erinnerung | O4: ab 690 € | P4: ab 29 € | Q4: mehr gebuchte Termine | R4: Fügen Sie in Ihrem Google-Profil Ihre Leistungen mit Preisen hinzu. Neukundinnen und Neukunden vergleichen genau das. | S4: B1 | U4: =SUBSTITUTE(SUBSTITUTE(SUBSTITUTE(SUBSTITUTE(SUBSTITUTE(SUBSTITUTE(SUBSTITUTE(SUBSTITUTE(SUBSTITUTE(SUBSTITUTE(SUBSTITUTE(SUBSTITUTE(SUBSTITUTE(SUBSTITUTE(SUBSTITUTE(SUBSTITUTE(SUBSTITUTE(INDEX(Vorlagen!$E:$E,MATCH($S4,Vorlagen!$A:$A,0)),"{Anrede}",$F4),"{Betrieb}",$B4),"{Domain}",$J4),"{Hook1}",$K4),"{Hook2}",$L4),"{Winkel}",$M4),"{Extra}",$N4),"{Preis}",$O4),"{Monat}",$P4),"{Ziel}",$Q4),"{Tipp}",$R4),"{Vorschau_Link}",IF($T4="",S_Vorschau_Link,$T4)),"{Absender}",S_Absender),"{Absender_Web}",S_Absender_Web),"{Telefon}",S_Telefon),"{Termin_Vorschlag}",S_Termin_Vorschlag),"{Referenzpreis_Datum}",S_Referenzpreis_Datum) -> L.A.-Nails Nagelstudio: Ihre Website auf dem Handy | V4: =SUBSTITUTE(SUBSTITUTE(SUBSTITUTE(SUBSTITUTE(SUBSTITUTE(SUBSTITUTE(SUBSTITUTE(SUBSTITUTE(SUBSTITUTE(SUBSTITUTE(SUBSTITUTE(SUBSTITUTE(SUBSTITUTE(SUBSTITUTE(SUBSTITUTE(SUBSTITUTE(SUBSTITUTE(INDEX(Vorlagen!$F:$F,MATCH($S4,Vorlagen!$A:$A,0)),"{Anrede}",$F4),"{Betrieb}",$B4),"{Domain}",$J4),"{Hook1}",$K4),"{Hook2}",$L4),"{Winkel}",$M4),"{Extra}",$N4),"{Preis}",$O4),"{Monat}",$P4),"{Ziel}",$Q4),"{Tipp}",$R4),"{Vorschau_Link}",IF($T4="",S_Vorschau_Link,$T4)),"{Absender}",S_Absender),"{Absender_Web}",S_Absender_Web),"{Telefon}",S_Telefon),"{Termin_Vorschlag}",S_Termin_Vorschlag),"{Referenzpreis_Datum}",S_Referenzpreis_Datum) -> Guten Tag, ich bin Jean, Webdesigner und KI-Berater hier in Neunkirchen. Ich habe mir la-nails.de auf dem Handy angesehen. Dabei ist mir aufgefallen: Unter Ihrer Domain erscheint derzeit nur eine geparkte Seite des Anbieters GoDaddy. Neukundinnen und Neukunden suchen auf dem Handy und buchen dort, wo es am schnellsten geht. Deshalb ein Vorschlag: Ich baue Ihnen eine Vorschau Ihrer neuen Startseite, mit Ihren eigenen Texten und Fotos. Das kostet Sie nichts und verpflichtet Sie zu nichts. Ich bringe sie vorbei, Sie schauen sie in Ruhe an. Gefällt sie Ihnen nicht, war es das. Ein kurzes Ja genügt: QR-Code scannen, anrufen oder per WhatsApp schreiben an . Falls Sie danach umsteigen möchten: Eine neue Website kostet bei mir ab 690 €, die Betreuung ab 29 € im Monat. Für Betriebe wie Ihren lohnt sich oft zusätzlich eine Online-Terminbuchung mit Erinnerung. Viele Grüße aus Neunkirchen Jean P.S. Sie haben 48 Google-Bewertungen mit 4,3 Sternen. Auf Ihrer Website sieht man davon nichts. Ihre Anschrift stammt aus Ihrem Impressum bzw. öffentlichen Branchenverzeichnissen. Wenn Sie keine Post mehr von mir möchten, genügt ein kurzer Hinweis. | W4: =SUBSTITUTE(SUBSTITUTE(SUBSTITUTE(SUBSTITUTE(SUBSTITUTE(SUBSTITUTE(SUBSTITUTE(SUBSTITUTE(SUBSTITUTE(SUBSTITUTE(SUBSTITUTE(SUBSTITUTE(SUBSTITUTE(SUBSTITUTE(SUBSTITUTE(SUBSTITUTE(SUBSTITUTE(Vorlagen!$F$5,"{Anrede}",$F4),"{Betrieb}",$B4),"{Domain}",$J4),"{Hook1}",$K4),"{Hook2}",$L4),"{Winkel}",$M4),"{Extra}",$N4),"{Preis}",$O4),"{Monat}",$P4),"{Ziel}",$Q4),"{Tipp}",$R4),"{Vorschau_Link}",IF($T4="",S_Vorschau_Link,$T4)),"{Absender}",S_Absender),"{Absender_Web}",S_Absender_Web),"{Telefon}",S_Telefon),"{Termin_Vorschlag}",S_Termin_Vorschlag),"{Referenzpreis_Datum}",S_Referenzpreis_Datum) -> Guten Tag, danke für die paar Minuten heute. Wie besprochen hier die Vorschau für L.A.-Nails Nagelstudio: Öffnen Sie sie am besten auf dem Handy, so sehen Ihre Kunden die Seite auch. Kurz zusammengefasst: - Heute: Unter Ihrer Domain erscheint derzeit nur eine geparkte Seite des Anbieters GoDaddy. - Neu: Alles ist auf das Handy ausgelegt, dazu eine Online-Terminbuchung mit Erinnerung. - Ihre Inhalte bleiben. Sie müssen nichts neu schreiben. Preis: ab 690 € einmalig, Betreuung ab 29 € im Monat. Die zweite Hälfte zahlen Sie erst nach dem Livegang. Nächster Schritt: 15 Minuten, in denen wir Fotos und zwei, drei Wünsche durchgehen. Passt Ihnen Donnerstag gegen 15 Uhr? Viele Grüße Jean Wenn Sie keine weiteren Nachrichten von mir möchten, genügt eine kurze Antwort. | X4: =SUBSTITUTE(SUBSTITUTE(SUBSTITUTE(SUBSTITUTE(SUBSTITUTE(SUBSTITUTE(SUBSTITUTE(SUBSTITUTE(SUBSTITUTE(SUBSTITUTE(SUBSTITUTE(SUBSTITUTE(SUBSTITUTE(SUBSTITUTE(SUBSTITUTE(SUBSTITUTE(SUBSTITUTE(Vorlagen!$F$7,"{Anrede}",$F4),"{Betrieb}",$B4),"{Domain}",$J4),"{Hook1}",$K4),"{Hook2}",$L4),"{Winkel}",$M4),"{Extra}",$N4),"{Preis}",$O4),"{Monat}",$P4),"{Ziel}",$Q4),"{Tipp}",$R4),"{Vorschau_Link}",IF($T4="",S_Vorschau_Link,$T4)),"{Absender}",S_Absender),"{Absender_Web}",S_Absender_Web),"{Telefon}",S_Telefon),"{Termin_Vorschlag}",S_Termin_Vorschlag),"{Referenzpreis_Datum}",S_Referenzpreis_Datum) -> Guten Tag, kurz nachgefragt: Konnten Sie die Vorschau schon auf dem Handy ansehen? Wenn Sie mögen, setze ich bis Ende der Woche Ihre eigenen Fotos ein. Dann sehen Sie die Seite so, wie sie online gehen würde. Ein kurzes "Ja, machen" genügt. Viele Grüße Jean Wenn Sie keine weiteren Nachrichten von mir möchten, genügt eine kurze Antwort. | Y4: =SUBSTITUTE(SUBSTITUTE(SUBSTITUTE(SUBSTITUTE(SUBSTITUTE(SUBSTITUTE(SUBSTITUTE(SUBSTITUTE(SUBSTITUTE(SUBSTITUTE(SUBSTITUTE(SUBSTITUTE(SUBSTITUTE(SUBSTITUTE(SUBSTITUTE(SUBSTITUTE(SUBSTITUTE(Vorlagen!$F$8,"{Anrede}",$F4),"{Betrieb}",$B4),"{Domain}",$J4),"{Hook1}",$K4),"{Hook2}",$L4),"{Winkel}",$M4),"{Extra}",$N4),"{Preis}",$O4),"{Monat}",$P4),"{Ziel}",$Q4),"{Tipp}",$R4),"{Vorschau_Link}",IF($T4="",S_Vorschau_Link,$T4)),"{Absender}",S_Absender),"{Absender_Web}",S_Absender_Web),"{Telefon}",S_Telefon),"{Termin_Vorschlag}",S_Termin_Vorschlag),"{Referenzpreis_Datum}",S_Referenzpreis_Datum) -> Guten Tag, unabhängig davon, ob wir zusammenarbeiten, hier ein Tipp, der in fünf Minuten erledigt ist: Fügen Sie in Ihrem Google-Profil Ihre Leistungen mit Preisen hinzu. Neukundinnen und Neukunden vergleichen genau das. Die Vorschau Ihrer neuen Seite liegt weiter für Sie bereit: Bei Fragen rufen Sie mich einfach an: Viele Grüße Jean Wenn Sie keine weiteren Nachrichten von mir möchten, genügt eine kurze Antwort. | Z4: =SUBSTITUTE(SUBSTITUTE(SUBSTITUTE(SUBSTITUTE(SUBSTITUTE(SUBSTITUTE(SUBSTITUTE(SUBSTITUTE(SUBSTITUTE(SUBSTITUTE(SUBSTITUTE(SUBSTITUTE(SUBSTITUTE(SUBSTITUTE(SUBSTITUTE(SUBSTITUTE(SUBSTITUTE(Vorlagen!$F$9,"{Anrede}",$F4),"{Betrieb}",$B4),"{Domain}",$J4),"{Hook1}",$K4),"{Hook2}",$L4),"{Winkel}",$M4),"{Extra}",$N4),"{Preis}",$O4),"{Monat}",$P4),"{Ziel}",$Q4),"{Tipp}",$R4),"{Vorschau_Link}",IF($T4="",S_Vorschau_Link,$T4)),"{Absender}",S_Absender),"{Absender_Web}",S_Absender_Web),"{Telefon}",S_Telefon),"{Termin_Vorschlag}",S_Termin_Vorschlag),"{Referenzpreis_Datum}",S_Referenzpreis_Datum) -> Guten Tag, ich möchte Ihr Postfach nicht füllen, deshalb ist das meine letzte Nachricht dazu. Den Referenzpreis halte ich für Sie bis 30.11.2026. Danach nehme ich die Vorschau aus dem Netz. Eine Ziffer als Antwort genügt mir: 1 = Ja, lassen Sie uns kurz sprechen 2 = Später, melden Sie sich im neuen Jahr 3 = Kein Interesse Danke und viele Grüße Jean | AA4: =SUBSTITUTE(SUBSTITUTE(SUBSTITUTE(SUBSTITUTE(SUBSTITUTE(SUBSTITUTE(SUBSTITUTE(SUBSTITUTE(SUBSTITUTE(SUBSTITUTE(SUBSTITUTE(SUBSTITUTE(SUBSTITUTE(SUBSTITUTE(SUBSTITUTE(SUBSTITUTE(SUBSTITUTE(Vorlagen!$F$10,"{Anrede}",$F4),"{Betrieb}",$B4),"{Domain}",$J4),"{Hook1}",$K4),"{Hook2}",$L4),"{Winkel}",$M4),"{Extra}",$N4),"{Preis}",$O4),"{Monat}",$P4),"{Ziel}",$Q4),"{Tipp}",$R4),"{Vorschau_Link}",IF($T4="",S_Vorschau_Link,$T4)),"{Absender}",S_Absender),"{Absender_Web}",S_Absender_Web),"{Telefon}",S_Telefon),"{Termin_Vorschlag}",S_Termin_Vorschlag),"{Referenzpreis_Datum}",S_Referenzpreis_Datum) -> Hallo, hier ist Jean von vorhin. Hier die Vorschau für L.A.-Nails Nagelstudio, am besten gleich auf dem Handy öffnen: Ich melde mich Donnerstag gegen 15 Uhr kurz wegen der Fotos. Viele Grüße | AD4: offen | AE4: =IF(OR($AC4="",$AD4="Auftrag",$AD4="Abgesagt"),"",IF($AD4="Brief versendet",$AC4+5,IF($AD4="Vorschau gesendet",$AC4+3,IF($AD4="Nachgefasst 1",$AC4+7,IF($AD4="Nachgefasst 2",$AC4+14,""))))) | AG4: 76 | AH4: Quick Win
A5: 4 | B5: Dolomiti | C5: 1 | D5: Lieferdienst/Imbiss | F5: Guten Tag, | G5: Oberer Markt 10, 66538 Neunkirchen | H5: 06821 9424024 | J5: dolomitipizzeria-neunkirchen.de | K5: Bei meinem Test zeigte Ihre Website nur das Lieferando-Logo, aber keine Speisekarte und keine Öffnungszeiten. | L5: Ihre Seite ist nicht für Smartphones angepasst. Auf dem Handy erscheint sie stark verkleinert, man muss zoomen, um etwas zu lesen. | M5: Bei einem Lieferdienst zählt jede Bestellung, die direkt bei Ihnen landet statt über ein Portal mit Provision. | N5: ein eigenes Bestellsystem ohne Provision | O5: ab 990 € | P5: ab 49 € | Q5: mehr Direktbestellungen | R5: Öffnen Sie Ihr Google-Unternehmensprofil und hinterlegen Sie Ihre aktuelle Speisekarte und einen direkten Bestelllink. Viele Gäste bestellen direkt aus Google Maps heraus. | S5: B1 | U5: =SUBSTITUTE(SUBSTITUTE(SUBSTITUTE(SUBSTITUTE(SUBSTITUTE(SUBSTITUTE(SUBSTITUTE(SUBSTITUTE(SUBSTITUTE(SUBSTITUTE(SUBSTITUTE(SUBSTITUTE(SUBSTITUTE(SUBSTITUTE(SUBSTITUTE(SUBSTITUTE(SUBSTITUTE(INDEX(Vorlagen!$E:$E,MATCH($S5,Vorlagen!$A:$A,0)),"{Anrede}",$F5),"{Betrieb}",$B5),"{Domain}",$J5),"{Hook1}",$K5),"{Hook2}",$L5),"{Winkel}",$M5),"{Extra}",$N5),"{Preis}",$O5),"{Monat}",$P5),"{Ziel}",$Q5),"{Tipp}",$R5),"{Vorschau_Link}",IF($T5="",S_Vorschau_Link,$T5)),"{Absender}",S_Absender),"{Absender_Web}",S_Absender_Web),"{Telefon}",S_Telefon),"{Termin_Vorschlag}",S_Termin_Vorschlag),"{Referenzpreis_Datum}",S_Referenzpreis_Datum) -> Dolomiti: Ihre Website auf dem Handy | V5: =SUBSTITUTE(SUBSTITUTE(SUBSTITUTE(SUBSTITUTE(SUBSTITUTE(SUBSTITUTE(SUBSTITUTE(SUBSTITUTE(SUBSTITUTE(SUBSTITUTE(SUBSTITUTE(SUBSTITUTE(SUBSTITUTE(SUBSTITUTE(SUBSTITUTE(SUBSTITUTE(SUBSTITUTE(INDEX(Vorlagen!$F:$F,MATCH($S5,Vorlagen!$A:$A,0)),"{Anrede}",$F5),"{Betrieb}",$B5),"{Domain}",$J5),"{Hook1}",$K5),"{Hook2}",$L5),"{Winkel}",$M5),"{Extra}",$N5),"{Preis}",$O5),"{Monat}",$P5),"{Ziel}",$Q5),"{Tipp}",$R5),"{Vorschau_Link}",IF($T5="",S_Vorschau_Link,$T5)),"{Absender}",S_Absender),"{Absender_Web}",S_Absender_Web),"{Telefon}",S_Telefon),"{Termin_Vorschlag}",S_Termin_Vorschlag),"{Referenzpreis_Datum}",S_Referenzpreis_Datum) -> Guten Tag, ich bin Jean, Webdesigner und KI-Berater hier in Neunkirchen. Ich habe mir dolomitipizzeria-neunkirchen.de auf dem Handy angesehen. Dabei ist mir aufgefallen: Bei meinem Test zeigte Ihre Website nur das Lieferando-Logo, aber keine Speisekarte und keine Öffnungszeiten. Bei einem Lieferdienst zählt jede Bestellung, die direkt bei Ihnen landet statt über ein Portal mit Provision. Deshalb ein Vorschlag: Ich baue Ihnen eine Vorschau Ihrer neuen Startseite, mit Ihren eigenen Texten und Fotos. Das kostet Sie nichts und verpflichtet Sie zu nichts. Ich bringe sie vorbei, Sie schauen sie in Ruhe an. Gefällt sie Ihnen nicht, war es das. Ein kurzes Ja genügt: QR-Code scannen, anrufen oder per WhatsApp schreiben an . Falls Sie danach umsteigen möchten: Eine neue Website kostet bei mir ab 990 €, die Betreuung ab 49 € im Monat. Für Betriebe wie Ihren lohnt sich oft zusätzlich ein eigenes Bestellsystem ohne Provision. Viele Grüße aus Neunkirchen Jean P.S. Ihre Seite ist nicht für Smartphones angepasst. Auf dem Handy erscheint sie stark verkleinert, man muss zoomen, um etwas zu lesen. Ihre Anschrift stammt aus Ihrem Impressum bzw. öffentlichen Branchenverzeichnissen. Wenn Sie keine Post mehr von mir möchten, genügt ein kurzer Hinweis. | W5: =SUBSTITUTE(SUBSTITUTE(SUBSTITUTE(SUBSTITUTE(SUBSTITUTE(SUBSTITUTE(SUBSTITUTE(SUBSTITUTE(SUBSTITUTE(SUBSTITUTE(SUBSTITUTE(SUBSTITUTE(SUBSTITUTE(SUBSTITUTE(SUBSTITUTE(SUBSTITUTE(SUBSTITUTE(Vorlagen!$F$5,"{Anrede}",$F5),"{Betrieb}",$B5),"{Domain}",$J5),"{Hook1}",$K5),"{Hook2}",$L5),"{Winkel}",$M5),"{Extra}",$N5),"{Preis}",$O5),"{Monat}",$P5),"{Ziel}",$Q5),"{Tipp}",$R5),"{Vorschau_Link}",IF($T5="",S_Vorschau_Link,$T5)),"{Absender}",S_Absender),"{Absender_Web}",S_Absender_Web),"{Telefon}",S_Telefon),"{Termin_Vorschlag}",S_Termin_Vorschlag),"{Referenzpreis_Datum}",S_Referenzpreis_Datum) -> Guten Tag, danke für die paar Minuten heute. Wie besprochen hier die Vorschau für Dolomiti: Öffnen Sie sie am besten auf dem Handy, so sehen Ihre Kunden die Seite auch. Kurz zusammengefasst: - Heute: Bei meinem Test zeigte Ihre Website nur das Lieferando-Logo, aber keine Speisekarte und keine Öffnungszeiten. - Neu: Alles ist auf das Handy ausgelegt, dazu ein eigenes Bestellsystem ohne Provision. - Ihre Inhalte bleiben. Sie müssen nichts neu schreiben. Preis: ab 990 € einmalig, Betreuung ab 49 € im Monat. Die zweite Hälfte zahlen Sie erst nach dem Livegang. Nächster Schritt: 15 Minuten, in denen wir Fotos und zwei, drei Wünsche durchgehen. Passt Ihnen Donnerstag gegen 15 Uhr? Viele Grüße Jean Wenn Sie keine weiteren Nachrichten von mir möchten, genügt eine kurze Antwort. | X5: =SUBSTITUTE(SUBSTITUTE(SUBSTITUTE(SUBSTITUTE(SUBSTITUTE(SUBSTITUTE(SUBSTITUTE(SUBSTITUTE(SUBSTITUTE(SUBSTITUTE(SUBSTITUTE(SUBSTITUTE(SUBSTITUTE(SUBSTITUTE(SUBSTITUTE(SUBSTITUTE(SUBSTITUTE(Vorlagen!$F$7,"{Anrede}",$F5),"{Betrieb}",$B5),"{Domain}",$J5),"{Hook1}",$K5),"{Hook2}",$L5),"{Winkel}",$M5),"{Extra}",$N5),"{Preis}",$O5),"{Monat}",$P5),"{Ziel}",$Q5),"{Tipp}",$R5),"{Vorschau_Link}",IF($T5="",S_Vorschau_Link,$T5)),"{Absender}",S_Absender),"{Absender_Web}",S_Absender_Web),"{Telefon}",S_Telefon),"{Termin_Vorschlag}",S_Termin_Vorschlag),"{Referenzpreis_Datum}",S_Referenzpreis_Datum) -> Guten Tag, kurz nachgefragt: Konnten Sie die Vorschau schon auf dem Handy ansehen? Wenn Sie mögen, setze ich bis Ende der Woche Ihre eigenen Fotos ein. Dann sehen Sie die Seite so, wie sie online gehen würde. Ein kurzes "Ja, machen" genügt. Viele Grüße Jean Wenn Sie keine weiteren Nachrichten von mir möchten, genügt eine kurze Antwort. | Y5: =SUBSTITUTE(SUBSTITUTE(SUBSTITUTE(SUBSTITUTE(SUBSTITUTE(SUBSTITUTE(SUBSTITUTE(SUBSTITUTE(SUBSTITUTE(SUBSTITUTE(SUBSTITUTE(SUBSTITUTE(SUBSTITUTE(SUBSTITUTE(SUBSTITUTE(SUBSTITUTE(SUBSTITUTE(Vorlagen!$F$8,"{Anrede}",$F5),"{Betrieb}",$B5),"{Domain}",$J5),"{Hook1}",$K5),"{Hook2}",$L5),"{Winkel}",$M5),"{Extra}",$N5),"{Preis}",$O5),"{Monat}",$P5),"{Ziel}",$Q5),"{Tipp}",$R5),"{Vorschau_Link}",IF($T5="",S_Vorschau_Link,$T5)),"{Absender}",S_Absender),"{Absender_Web}",S_Absender_Web),"{Telefon}",S_Telefon),"{Termin_Vorschlag}",S_Termin_Vorschlag),"{Referenzpreis_Datum}",S_Referenzpreis_Datum) -> Guten Tag, unabhängig davon, ob wir zusammenarbeiten, hier ein Tipp, der in fünf Minuten erledigt ist: Öffnen Sie Ihr Google-Unternehmensprofil und hinterlegen Sie Ihre aktuelle Speisekarte und einen direkten Bestelllink. Viele Gäste bestellen direkt aus Google Maps heraus. Die Vorschau Ihrer neuen Seite liegt weiter für Sie bereit: Bei Fragen rufen Sie mich einfach an: Viele Grüße Jean Wenn Sie keine weiteren Nachrichten von mir möchten, genügt eine kurze Antwort. | Z5: =SUBSTITUTE(SUBSTITUTE(SUBSTITUTE(SUBSTITUTE(SUBSTITUTE(SUBSTITUTE(SUBSTITUTE(SUBSTITUTE(SUBSTITUTE(SUBSTITUTE(SUBSTITUTE(SUBSTITUTE(SUBSTITUTE(SUBSTITUTE(SUBSTITUTE(SUBSTITUTE(SUBSTITUTE(Vorlagen!$F$9,"{Anrede}",$F5),"{Betrieb}",$B5),"{Domain}",$J5),"{Hook1}",$K5),"{Hook2}",$L5),"{Winkel}",$M5),"{Extra}",$N5),"{Preis}",$O5),"{Monat}",$P5),"{Ziel}",$Q5),"{Tipp}",$R5),"{Vorschau_Link}",IF($T5="",S_Vorschau_Link,$T5)),"{Absender}",S_Absender),"{Absender_Web}",S_Absender_Web),"{Telefon}",S_Telefon),"{Termin_Vorschlag}",S_Termin_Vorschlag),"{Referenzpreis_Datum}",S_Referenzpreis_Datum) -> Guten Tag, ich möchte Ihr Postfach nicht füllen, deshalb ist das meine letzte Nachricht dazu. Den Referenzpreis halte ich für Sie bis 30.11.2026. Danach nehme ich die Vorschau aus dem Netz. Eine Ziffer als Antwort genügt mir: 1 = Ja, lassen Sie uns kurz sprechen 2 = Später, melden Sie sich im neuen Jahr 3 = Kein Interesse Danke und viele Grüße Jean | AA5: =SUBSTITUTE(SUBSTITUTE(SUBSTITUTE(SUBSTITUTE(SUBSTITUTE(SUBSTITUTE(SUBSTITUTE(SUBSTITUTE(SUBSTITUTE(SUBSTITUTE(SUBSTITUTE(SUBSTITUTE(SUBSTITUTE(SUBSTITUTE(SUBSTITUTE(SUBSTITUTE(SUBSTITUTE(Vorlagen!$F$10,"{Anrede}",$F5),"{Betrieb}",$B5),"{Domain}",$J5),"{Hook1}",$K5),"{Hook2}",$L5),"{Winkel}",$M5),"{Extra}",$N5),"{Preis}",$O5),"{Monat}",$P5),"{Ziel}",$Q5),"{Tipp}",$R5),"{Vorschau_Link}",IF($T5="",S_Vorschau_Link,$T5)),"{Absender}",S_Absender),"{Absender_Web}",S_Absender_Web),"{Telefon}",S_Telefon),"{Termin_Vorschlag}",S_Termin_Vorschlag),"{Referenzpreis_Datum}",S_Referenzpreis_Datum) -> Hallo, hier ist Jean von vorhin. Hier die Vorschau für Dolomiti, am besten gleich auf dem Handy öffnen: Ich melde mich Donnerstag gegen 15 Uhr kurz wegen der Fotos. Viele Grüße | AD5: offen | AE5: =IF(OR($AC5="",$AD5="Auftrag",$AD5="Abgesagt"),"",IF($AD5="Brief versendet",$AC5+5,IF($AD5="Vorschau gesendet",$AC5+3,IF($AD5="Nachgefasst 1",$AC5+7,IF($AD5="Nachgefasst 2",$AC5+14,""))))) | AG5: 76 | AH5: Umsatzhebel
A6: 5 | B6: Pastaria by Julie | C6: 1 | D6: Gastronomie | F6: Guten Tag, | G6: Waldwiesenstr. 4, 66538 Neunkirchen | H6: 0171 1 04 21 12 | J6: pastaria-by-julie.de | K6: Bei meinem Aufruf blieb Ihre Startseite leer, es erschien kein Inhalt. | L6: Ihre Seite ist nicht für Smartphones angepasst. Auf dem Handy erscheint sie stark verkleinert, man muss zoomen, um etwas zu lesen. | M6: Gäste suchen abends auf dem Handy nach Speisekarte, Öffnungszeiten und einem Platz für heute. | N6: eine Online-Reservierung und eine Seite für Feiern und Gruppen | O6: ab 990 € | P6: ab 39 € | Q6: mehr Reservierungen | R6: Laden Sie im Google-Unternehmensprofil fünf aktuelle Fotos hoch: ein Gericht, den Gastraum, die Außenansicht, das Team, die Theke. Google empfiehlt selbst, Fotos regelmäßig zu erneuern. | S6: B1 | U6: =SUBSTITUTE(SUBSTITUTE(SUBSTITUTE(SUBSTITUTE(SUBSTITUTE(SUBSTITUTE(SUBSTITUTE(SUBSTITUTE(SUBSTITUTE(SUBSTITUTE(SUBSTITUTE(SUBSTITUTE(SUBSTITUTE(SUBSTITUTE(SUBSTITUTE(SUBSTITUTE(SUBSTITUTE(INDEX(Vorlagen!$E:$E,MATCH($S6,Vorlagen!$A:$A,0)),"{Anrede}",$F6),"{Betrieb}",$B6),"{Domain}",$J6),"{Hook1}",$K6),"{Hook2}",$L6),"{Winkel}",$M6),"{Extra}",$N6),"{Preis}",$O6),"{Monat}",$P6),"{Ziel}",$Q6),"{Tipp}",$R6),"{Vorschau_Link}",IF($T6="",S_Vorschau_Link,$T6)),"{Absender}",S_Absender),"{Absender_Web}",S_Absender_Web),"{Telefon}",S_Telefon),"{Termin_Vorschlag}",S_Termin_Vorschlag),"{Referenzpreis_Datum}",S_Referenzpreis_Datum) -> Pastaria by Julie: Ihre Website auf dem Handy | V6: =SUBSTITUTE(SUBSTITUTE(SUBSTITUTE(SUBSTITUTE(SUBSTITUTE(SUBSTITUTE(SUBSTITUTE(SUBSTITUTE(SUBSTITUTE(SUBSTITUTE(SUBSTITUTE(SUBSTITUTE(SUBSTITUTE(SUBSTITUTE(SUBSTITUTE(SUBSTITUTE(SUBSTITUTE(INDEX(Vorlagen!$F:$F,MATCH($S6,Vorlagen!$A:$A,0)),"{Anrede}",$F6),"{Betrieb}",$B6),"{Domain}",$J6),"{Hook1}",$K6),"{Hook2}",$L6),"{Winkel}",$M6),"{Extra}",$N6),"{Preis}",$O6),"{Monat}",$P6),"{Ziel}",$Q6),"{Tipp}",$R6),"{Vorschau_Link}",IF($T6="",S_Vorschau_Link,$T6)),"{Absender}",S_Absender),"{Absender_Web}",S_Absender_Web),"{Telefon}",S_Telefon),"{Termin_Vorschlag}",S_Termin_Vorschlag),"{Referenzpreis_Datum}",S_Referenzpreis_Datum) -> Guten Tag, ich bin Jean, Webdesigner und KI-Berater hier in Neunkirchen. Ich habe mir pastaria-by-julie.de auf dem Handy angesehen. Dabei ist mir aufgefallen: Bei meinem Aufruf blieb Ihre Startseite leer, es erschien kein Inhalt. Gäste suchen abends auf dem Handy nach Speisekarte, Öffnungszeiten und einem Platz für heute. Deshalb ein Vorschlag: Ich baue Ihnen eine Vorschau Ihrer neuen Startseite, mit Ihren eigenen Texten und Fotos. Das kostet Sie nichts und verpflichtet Sie zu nichts. Ich bringe sie vorbei, Sie schauen sie in Ruhe an. Gefällt sie Ihnen nicht, war es das. Ein kurzes Ja genügt: QR-Code scannen, anrufen oder per WhatsApp schreiben an . Falls Sie danach umsteigen möchten: Eine neue Website kostet bei mir ab 990 €, die Betreuung ab 39 € im Monat. Für Betriebe wie Ihren lohnt sich oft zusätzlich eine Online-Reservierung und eine Seite für Feiern und Gruppen. Viele Grüße aus Neunkirchen Jean P.S. Ihre Seite ist nicht für Smartphones angepasst. Auf dem Handy erscheint sie stark verkleinert, man muss zoomen, um etwas zu lesen. Ihre Anschrift stammt aus Ihrem Impressum bzw. öffentlichen Branchenverzeichnissen. Wenn Sie keine Post mehr von mir möchten, genügt ein kurzer Hinweis. | W6: =SUBSTITUTE(SUBSTITUTE(SUBSTITUTE(SUBSTITUTE(SUBSTITUTE(SUBSTITUTE(SUBSTITUTE(SUBSTITUTE(SUBSTITUTE(SUBSTITUTE(SUBSTITUTE(SUBSTITUTE(SUBSTITUTE(SUBSTITUTE(SUBSTITUTE(SUBSTITUTE(SUBSTITUTE(Vorlagen!$F$5,"{Anrede}",$F6),"{Betrieb}",$B6),"{Domain}",$J6),"{Hook1}",$K6),"{Hook2}",$L6),"{Winkel}",$M6),"{Extra}",$N6),"{Preis}",$O6),"{Monat}",$P6),"{Ziel}",$Q6),"{Tipp}",$R6),"{Vorschau_Link}",IF($T6="",S_Vorschau_Link,$T6)),"{Absender}",S_Absender),"{Absender_Web}",S_Absender_Web),"{Telefon}",S_Telefon),"{Termin_Vorschlag}",S_Termin_Vorschlag),"{Referenzpreis_Datum}",S_Referenzpreis_Datum) -> Guten Tag, danke für die paar Minuten heute. Wie besprochen hier die Vorschau für Pastaria by Julie: Öffnen Sie sie am besten auf dem Handy, so sehen Ihre Kunden die Seite auch. Kurz zusammengefasst: - Heute: Bei meinem Aufruf blieb Ihre Startseite leer, es erschien kein Inhalt. - Neu: Alles ist auf das Handy ausgelegt, dazu eine Online-Reservierung und eine Seite für Feiern und Gruppen. - Ihre Inhalte bleiben. Sie müssen nichts neu schreiben. Preis: ab 990 € einmalig, Betreuung ab 39 € im Monat. Die zweite Hälfte zahlen Sie erst nach dem Livegang. Nächster Schritt: 15 Minuten, in denen wir Fotos und zwei, drei Wünsche durchgehen. Passt Ihnen Donnerstag gegen 15 Uhr? Viele Grüße Jean Wenn Sie keine weiteren Nachrichten von mir möchten, genügt eine kurze Antwort. | X6: =SUBSTITUTE(SUBSTITUTE(SUBSTITUTE(SUBSTITUTE(SUBSTITUTE(SUBSTITUTE(SUBSTITUTE(SUBSTITUTE(SUBSTITUTE(SUBSTITUTE(SUBSTITUTE(SUBSTITUTE(SUBSTITUTE(SUBSTITUTE(SUBSTITUTE(SUBSTITUTE(SUBSTITUTE(Vorlagen!$F$7,"{Anrede}",$F6),"{Betrieb}",$B6),"{Domain}",$J6),"{Hook1}",$K6),"{Hook2}",$L6),"{Winkel}",$M6),"{Extra}",$N6),"{Preis}",$O6),"{Monat}",$P6),"{Ziel}",$Q6),"{Tipp}",$R6),"{Vorschau_Link}",IF($T6="",S_Vorschau_Link,$T6)),"{Absender}",S_Absender),"{Absender_Web}",S_Absender_Web),"{Telefon}",S_Telefon),"{Termin_Vorschlag}",S_Termin_Vorschlag),"{Referenzpreis_Datum}",S_Referenzpreis_Datum) -> Guten Tag, kurz nachgefragt: Konnten Sie die Vorschau schon auf dem Handy ansehen? Wenn Sie mögen, setze ich bis Ende der Woche Ihre eigenen Fotos ein. Dann sehen Sie die Seite so, wie sie online gehen würde. Ein kurzes "Ja, machen" genügt. Viele Grüße Jean Wenn Sie keine weiteren Nachrichten von mir möchten, genügt eine kurze Antwort. | Y6: =SUBSTITUTE(SUBSTITUTE(SUBSTITUTE(SUBSTITUTE(SUBSTITUTE(SUBSTITUTE(SUBSTITUTE(SUBSTITUTE(SUBSTITUTE(SUBSTITUTE(SUBSTITUTE(SUBSTITUTE(SUBSTITUTE(SUBSTITUTE(SUBSTITUTE(SUBSTITUTE(SUBSTITUTE(Vorlagen!$F$8,"{Anrede}",$F6),"{Betrieb}",$B6),"{Domain}",$J6),"{Hook1}",$K6),"{Hook2}",$L6),"{Winkel}",$M6),"{Extra}",$N6),"{Preis}",$O6),"{Monat}",$P6),"{Ziel}",$Q6),"{Tipp}",$R6),"{Vorschau_Link}",IF($T6="",S_Vorschau_Link,$T6)),"{Absender}",S_Absender),"{Absender_Web}",S_Absender_Web),"{Telefon}",S_Telefon),"{Termin_Vorschlag}",S_Termin_Vorschlag),"{Referenzpreis_Datum}",S_Referenzpreis_Datum) -> Guten Tag, unabhängig davon, ob wir zusammenarbeiten, hier ein Tipp, der in fünf Minuten erledigt ist: Laden Sie im Google-Unternehmensprofil fünf aktuelle Fotos hoch: ein Gericht, den Gastraum, die Außenansicht, das Team, die Theke. Google empfiehlt selbst, Fotos regelmäßig zu erneuern. Die Vorschau Ihrer neuen Seite liegt weiter für Sie bereit: Bei Fragen rufen Sie mich einfach an: Viele Grüße Jean Wenn Sie keine weiteren Nachrichten von mir möchten, genügt eine kurze Antwort. | Z6: =SUBSTITUTE(SUBSTITUTE(SUBSTITUTE(SUBSTITUTE(SUBSTITUTE(SUBSTITUTE(SUBSTITUTE(SUBSTITUTE(SUBSTITUTE(SUBSTITUTE(SUBSTITUTE(SUBSTITUTE(SUBSTITUTE(SUBSTITUTE(SUBSTITUTE(SUBSTITUTE(SUBSTITUTE(Vorlagen!$F$9,"{Anrede}",$F6),"{Betrieb}",$B6),"{Domain}",$J6),"{Hook1}",$K6),"{Hook2}",$L6),"{Winkel}",$M6),"{Extra}",$N6),"{Preis}",$O6),"{Monat}",$P6),"{Ziel}",$Q6),"{Tipp}",$R6),"{Vorschau_Link}",IF($T6="",S_Vorschau_Link,$T6)),"{Absender}",S_Absender),"{Absender_Web}",S_Absender_Web),"{Telefon}",S_Telefon),"{Termin_Vorschlag}",S_Termin_Vorschlag),"{Referenzpreis_Datum}",S_Referenzpreis_Datum) -> Guten Tag, ich möchte Ihr Postfach nicht füllen, deshalb ist das meine letzte Nachricht dazu. Den Referenzpreis halte ich für Sie bis 30.11.2026. Danach nehme ich die Vorschau aus dem Netz. Eine Ziffer als Antwort genügt mir: 1 = Ja, lassen Sie uns kurz sprechen 2 = Später, melden Sie sich im neuen Jahr 3 = Kein Interesse Danke und viele Grüße Jean | AA6: =SUBSTITUTE(SUBSTITUTE(SUBSTITUTE(SUBSTITUTE(SUBSTITUTE(SUBSTITUTE(SUBSTITUTE(SUBSTITUTE(SUBSTITUTE(SUBSTITUTE(SUBSTITUTE(SUBSTITUTE(SUBSTITUTE(SUBSTITUTE(SUBSTITUTE(SUBSTITUTE(SUBSTITUTE(Vorlagen!$F$10,"{Anrede}",$F6),"{Betrieb}",$B6),"{Domain}",$J6),"{Hook1}",$K6),"{Hook2}",$L6),"{Winkel}",$M6),"{Extra}",$N6),"{Preis}",$O6),"{Monat}",$P6),"{Ziel}",$Q6),"{Tipp}",$R6),"{Vorschau_Link}",IF($T6="",S_Vorschau_Link,$T6)),"{Absender}",S_Absender),"{Absender_Web}",S_Absender_Web),"{Telefon}",S_Telefon),"{Termin_Vorschlag}",S_Termin_Vorschlag),"{Referenzpreis_Datum}",S_Referenzpreis_Datum) -> Hallo, hier ist Jean von vorhin. Hier die Vorschau für Pastaria by Julie, am besten gleich auf dem Handy öffnen: Ich melde mich Donnerstag gegen 15 Uhr kurz wegen der Fotos. Viele Grüße | AD6: offen | AE6: =IF(OR($AC6="",$AD6="Auftrag",$AD6="Abgesagt"),"",IF($AD6="Brief versendet",$AC6+5,IF($AD6="Vorschau gesendet",$AC6+3,IF($AD6="Nachgefasst 1",$AC6+7,IF($AD6="Nachgefasst 2",$AC6+14,""))))) | AG6: 75 | AH6: Umsatzhebel
A7: 6 | B7: Wibilo-Kebap-Haus | C7: 1 | D7: Lieferdienst/Imbiss | F7: Guten Tag, | G7: Wibilostr. 12, 66540 Neunkirchen | H7: 06821 9533808 | J7: wibilo-kebap-haus.de | K7: Bei meinem Test zeigte Ihre Website nur das Lieferando-Logo, aber keine Speisekarte und keine Öffnungszeiten. | L7: Ihre Seite ist nicht für Smartphones angepasst. Auf dem Handy erscheint sie stark verkleinert, man muss zoomen, um etwas zu lesen. | M7: Bei einem Lieferdienst zählt jede Bestellung, die direkt bei Ihnen landet statt über ein Portal mit Provision. | N7: ein eigenes Bestellsystem ohne Provision | O7: ab 990 € | P7: ab 49 € | Q7: mehr Direktbestellungen | R7: Öffnen Sie Ihr Google-Unternehmensprofil und hinterlegen Sie Ihre aktuelle Speisekarte und einen direkten Bestelllink. Viele Gäste bestellen direkt aus Google Maps heraus. | S7: B1 | U7: =SUBSTITUTE(SUBSTITUTE(SUBSTITUTE(SUBSTITUTE(SUBSTITUTE(SUBSTITUTE(SUBSTITUTE(SUBSTITUTE(SUBSTITUTE(SUBSTITUTE(SUBSTITUTE(SUBSTITUTE(SUBSTITUTE(SUBSTITUTE(SUBSTITUTE(SUBSTITUTE(SUBSTITUTE(INDEX(Vorlagen!$E:$E,MATCH($S7,Vorlagen!$A:$A,0)),"{Anrede}",$F7),"{Betrieb}",$B7),"{Domain}",$J7),"{Hook1}",$K7),"{Hook2}",$L7),"{Winkel}",$M7),"{Extra}",$N7),"{Preis}",$O7),"{Monat}",$P7),"{Ziel}",$Q7),"{Tipp}",$R7),"{Vorschau_Link}",IF($T7="",S_Vorschau_Link,$T7)),"{Absender}",S_Absender),"{Absender_Web}",S_Absender_Web),"{Telefon}",S_Telefon),"{Termin_Vorschlag}",S_Termin_Vorschlag),"{Referenzpreis_Datum}",S_Referenzpreis_Datum) -> Wibilo-Kebap-Haus: Ihre Website auf dem Handy | V7: =SUBSTITUTE(SUBSTITUTE(SUBSTITUTE(SUBSTITUTE(SUBSTITUTE(SUBSTITUTE(SUBSTITUTE(SUBSTITUTE(SUBSTITUTE(SUBSTITUTE(SUBSTITUTE(SUBSTITUTE(SUBSTITUTE(SUBSTITUTE(SUBSTITUTE(SUBSTITUTE(SUBSTITUTE(INDEX(Vorlagen!$F:$F,MATCH($S7,Vorlagen!$A:$A,0)),"{Anrede}",$F7),"{Betrieb}",$B7),"{Domain}",$J7),"{Hook1}",$K7),"{Hook2}",$L7),"{Winkel}",$M7),"{Extra}",$N7),"{Preis}",$O7),"{Monat}",$P7),"{Ziel}",$Q7),"{Tipp}",$R7),"{Vorschau_Link}",IF($T7="",S_Vorschau_Link,$T7)),"{Absender}",S_Absender),"{Absender_Web}",S_Absender_Web),"{Telefon}",S_Telefon),"{Termin_Vorschlag}",S_Termin_Vorschlag),"{Referenzpreis_Datum}",S_Referenzpreis_Datum) -> Guten Tag, ich bin Jean, Webdesigner und KI-Berater hier in Neunkirchen. Ich habe mir wibilo-kebap-haus.de auf dem Handy angesehen. Dabei ist mir aufgefallen: Bei meinem Test zeigte Ihre Website nur das Lieferando-Logo, aber keine Speisekarte und keine Öffnungszeiten. Bei einem Lieferdienst zählt jede Bestellung, die direkt bei Ihnen landet statt über ein Portal mit Provision. Deshalb ein Vorschlag: Ich baue Ihnen eine Vorschau Ihrer neuen Startseite, mit Ihren eigenen Texten und Fotos. Das kostet Sie nichts und verpflichtet Sie zu nichts. Ich bringe sie vorbei, Sie schauen sie in Ruhe an. Gefällt sie Ihnen nicht, war es das. Ein kurzes Ja genügt: QR-Code scannen, anrufen oder per WhatsApp schreiben an . Falls Sie danach umsteigen möchten: Eine neue Website kostet bei mir ab 990 €, die Betreuung ab 49 € im Monat. Für Betriebe wie Ihren lohnt sich oft zusätzlich ein eigenes Bestellsystem ohne Provision. Viele Grüße aus Neunkirchen Jean P.S. Ihre Seite ist nicht für Smartphones angepasst. Auf dem Handy erscheint sie stark verkleinert, man muss zoomen, um etwas zu lesen. Ihre Anschrift stammt aus Ihrem Impressum bzw. öffentlichen Branchenverzeichnissen. Wenn Sie keine Post mehr von mir möchten, genügt ein kurzer Hinweis. | W7: =SUBSTITUTE(SUBSTITUTE(SUBSTITUTE(SUBSTITUTE(SUBSTITUTE(SUBSTITUTE(SUBSTITUTE(SUBSTITUTE(SUBSTITUTE(SUBSTITUTE(SUBSTITUTE(SUBSTITUTE(SUBSTITUTE(SUBSTITUTE(SUBSTITUTE(SUBSTITUTE(SUBSTITUTE(Vorlagen!$F$5,"{Anrede}",$F7),"{Betrieb}",$B7),"{Domain}",$J7),"{Hook1}",$K7),"{Hook2}",$L7),"{Winkel}",$M7),"{Extra}",$N7),"{Preis}",$O7),"{Monat}",$P7),"{Ziel}",$Q7),"{Tipp}",$R7),"{Vorschau_Link}",IF($T7="",S_Vorschau_Link,$T7)),"{Absender}",S_Absender),"{Absender_Web}",S_Absender_Web),"{Telefon}",S_Telefon),"{Termin_Vorschlag}",S_Termin_Vorschlag),"{Referenzpreis_Datum}",S_Referenzpreis_Datum) -> Guten Tag, danke für die paar Minuten heute. Wie besprochen hier die Vorschau für Wibilo-Kebap-Haus: Öffnen Sie sie am besten auf dem Handy, so sehen Ihre Kunden die Seite auch. Kurz zusammengefasst: - Heute: Bei meinem Test zeigte Ihre Website nur das Lieferando-Logo, aber keine Speisekarte und keine Öffnungszeiten. - Neu: Alles ist auf das Handy ausgelegt, dazu ein eigenes Bestellsystem ohne Provision. - Ihre Inhalte bleiben. Sie müssen nichts neu schreiben. Preis: ab 990 € einmalig, Betreuung ab 49 € im Monat. Die zweite Hälfte zahlen Sie erst nach dem Livegang. Nächster Schritt: 15 Minuten, in denen wir Fotos und zwei, drei Wünsche durchgehen. Passt Ihnen Donnerstag gegen 15 Uhr? Viele Grüße Jean Wenn Sie keine weiteren Nachrichten von mir möchten, genügt eine kurze Antwort. | X7: =SUBSTITUTE(SUBSTITUTE(SUBSTITUTE(SUBSTITUTE(SUBSTITUTE(SUBSTITUTE(SUBSTITUTE(SUBSTITUTE(SUBSTITUTE(SUBSTITUTE(SUBSTITUTE(SUBSTITUTE(SUBSTITUTE(SUBSTITUTE(SUBSTITUTE(SUBSTITUTE(SUBSTITUTE(Vorlagen!$F$7,"{Anrede}",$F7),"{Betrieb}",$B7),"{Domain}",$J7),"{Hook1}",$K7),"{Hook2}",$L7),"{Winkel}",$M7),"{Extra}",$N7),"{Preis}",$O7),"{Monat}",$P7),"{Ziel}",$Q7),"{Tipp}",$R7),"{Vorschau_Link}",IF($T7="",S_Vorschau_Link,$T7)),"{Absender}",S_Absender),"{Absender_Web}",S_Absender_Web),"{Telefon}",S_Telefon),"{Termin_Vorschlag}",S_Termin_Vorschlag),"{Referenzpreis_Datum}",S_Referenzpreis_Datum) -> Guten Tag, kurz nachgefragt: Konnten Sie die Vorschau schon auf dem Handy ansehen? Wenn Sie mögen, setze ich bis Ende der Woche Ihre eigenen Fotos ein. Dann sehen Sie die Seite so, wie sie online gehen würde. Ein kurzes "Ja, machen" genügt. Viele Grüße Jean Wenn Sie keine weiteren Nachrichten von mir möchten, genügt eine kurze Antwort. | Y7: =SUBSTITUTE(SUBSTITUTE(SUBSTITUTE(SUBSTITUTE(SUBSTITUTE(SUBSTITUTE(SUBSTITUTE(SUBSTITUTE(SUBSTITUTE(SUBSTITUTE(SUBSTITUTE(SUBSTITUTE(SUBSTITUTE(SUBSTITUTE(SUBSTITUTE(SUBSTITUTE(SUBSTITUTE(Vorlagen!$F$8,"{Anrede}",$F7),"{Betrieb}",$B7),"{Domain}",$J7),"{Hook1}",$K7),"{Hook2}",$L7),"{Winkel}",$M7),"{Extra}",$N7),"{Preis}",$O7),"{Monat}",$P7),"{Ziel}",$Q7),"{Tipp}",$R7),"{Vorschau_Link}",IF($T7="",S_Vorschau_Link,$T7)),"{Absender}",S_Absender),"{Absender_Web}",S_Absender_Web),"{Telefon}",S_Telefon),"{Termin_Vorschlag}",S_Termin_Vorschlag),"{Referenzpreis_Datum}",S_Referenzpreis_Datum) -> Guten Tag, unabhängig davon, ob wir zusammenarbeiten, hier ein Tipp, der in fünf Minuten erledigt ist: Öffnen Sie Ihr Google-Unternehmensprofil und hinterlegen Sie Ihre aktuelle Speisekarte und einen direkten Bestelllink. Viele Gäste bestellen direkt aus Google Maps heraus. Die Vorschau Ihrer neuen Seite liegt weiter für Sie bereit: Bei Fragen rufen Sie mich einfach an: Viele Grüße Jean Wenn Sie keine weiteren Nachrichten von mir möchten, genügt eine kurze Antwort. | Z7: =SUBSTITUTE(SUBSTITUTE(SUBSTITUTE(SUBSTITUTE(SUBSTITUTE(SUBSTITUTE(SUBSTITUTE(SUBSTITUTE(SUBSTITUTE(SUBSTITUTE(SUBSTITUTE(SUBSTITUTE(SUBSTITUTE(SUBSTITUTE(SUBSTITUTE(SUBSTITUTE(SUBSTITUTE(Vorlagen!$F$9,"{Anrede}",$F7),"{Betrieb}",$B7),"{Domain}",$J7),"{Hook1}",$K7),"{Hook2}",$L7),"{Winkel}",$M7),"{Extra}",$N7),"{Preis}",$O7),"{Monat}",$P7),"{Ziel}",$Q7),"{Tipp}",$R7),"{Vorschau_Link}",IF($T7="",S_Vorschau_Link,$T7)),"{Absender}",S_Absender),"{Absender_Web}",S_Absender_Web),"{Telefon}",S_Telefon),"{Termin_Vorschlag}",S_Termin_Vorschlag),"{Referenzpreis_Datum}",S_Referenzpreis_Datum) -> Guten Tag, ich möchte Ihr Postfach nicht füllen, deshalb ist das meine letzte Nachricht dazu. Den Referenzpreis halte ich für Sie bis 30.11.2026. Danach nehme ich die Vorschau aus dem Netz. Eine Ziffer als Antwort genügt mir: 1 = Ja, lassen Sie uns kurz sprechen 2 = Später, melden Sie sich im neuen Jahr 3 = Kein Interesse Danke und viele Grüße Jean | AA7: =SUBSTITUTE(SUBSTITUTE(SUBSTITUTE(SUBSTITUTE(SUBSTITUTE(SUBSTITUTE(SUBSTITUTE(SUBSTITUTE(SUBSTITUTE(SUBSTITUTE(SUBSTITUTE(SUBSTITUTE(SUBSTITUTE(SUBSTITUTE(SUBSTITUTE(SUBSTITUTE(SUBSTITUTE(Vorlagen!$F$10,"{Anrede}",$F7),"{Betrieb}",$B7),"{Domain}",$J7),"{Hook1}",$K7),"{Hook2}",$L7),"{Winkel}",$M7),"{Extra}",$N7),"{Preis}",$O7),"{Monat}",$P7),"{Ziel}",$Q7),"{Tipp}",$R7),"{Vorschau_Link}",IF($T7="",S_Vorschau_Link,$T7)),"{Absender}",S_Absender),"{Absender_Web}",S_Absender_Web),"{Telefon}",S_Telefon),"{Termin_Vorschlag}",S_Termin_Vorschlag),"{Referenzpreis_Datum}",S_Referenzpreis_Datum) -> Hallo, hier ist Jean von vorhin. Hier die Vorschau für Wibilo-Kebap-Haus, am besten gleich auf dem Handy öffnen: Ich melde mich Donnerstag gegen 15 Uhr kurz wegen der Fotos. Viele Grüße | AD7: offen | AE7: =IF(OR($AC7="",$AD7="Auftrag",$AD7="Abgesagt"),"",IF($AD7="Brief versendet",$AC7+5,IF($AD7="Vorschau gesendet",$AC7+3,IF($AD7="Nachgefasst 1",$AC7+7,IF($AD7="Nachgefasst 2",$AC7+14,""))))) | AG7: 75 | AH7: Umsatzhebel
A8: 7 | B8: Pizzeria Gondoliere | C8: 1 | D8: Lieferdienst/Imbiss | E8: Carmen Abbruzzino | F8: Guten Tag Frau Abbruzzino, | G8: Storchenplatz 1, 66538 Neunkirchen | H8: 06821 13212 | I8: info@gondoliere-neunkirchen.de | J8: gondoliere-neunkirchen.de | K8: Ich habe über 350 Websites aus Neunkirchen unter gleichen Bedingungen geladen. Ihre Startseite gehörte zu den langsamsten zehn Prozent. | L8: Sie haben 174 Google-Bewertungen mit 4,0 Sternen. Auf Ihrer Website sieht man davon nichts. | M8: Bei einem Lieferdienst zählt jede Bestellung, die direkt bei Ihnen landet statt über ein Portal mit Provision. | N8: ein eigenes Bestellsystem ohne Provision | O8: ab 990 € | P8: ab 49 € | Q8: mehr Direktbestellungen | R8: Öffnen Sie Ihr Google-Unternehmensprofil und hinterlegen Sie Ihre aktuelle Speisekarte und einen direkten Bestelllink. Viele Gäste bestellen direkt aus Google Maps heraus. | S8: B2 | U8: =SUBSTITUTE(SUBSTITUTE(SUBSTITUTE(SUBSTITUTE(SUBSTITUTE(SUBSTITUTE(SUBSTITUTE(SUBSTITUTE(SUBSTITUTE(SUBSTITUTE(SUBSTITUTE(SUBSTITUTE(SUBSTITUTE(SUBSTITUTE(SUBSTITUTE(SUBSTITUTE(SUBSTITUTE(INDEX(Vorlagen!$E:$E,MATCH($S8,Vorlagen!$A:$A,0)),"{Anrede}",$F8),"{Betrieb}",$B8),"{Domain}",$J8),"{Hook1}",$K8),"{Hook2}",$L8),"{Winkel}",$M8),"{Extra}",$N8),"{Preis}",$O8),"{Monat}",$P8),"{Ziel}",$Q8),"{Tipp}",$R8),"{Vorschau_Link}",IF($T8="",S_Vorschau_Link,$T8)),"{Absender}",S_Absender),"{Absender_Web}",S_Absender_Web),"{Telefon}",S_Telefon),"{Termin_Vorschlag}",S_Termin_Vorschlag),"{Referenzpreis_Datum}",S_Referenzpreis_Datum) -> Pizzeria Gondoliere: so könnte Ihre Website aussehen | V8: =SUBSTITUTE(SUBSTITUTE(SUBSTITUTE(SUBSTITUTE(SUBSTITUTE(SUBSTITUTE(SUBSTITUTE(SUBSTITUTE(SUBSTITUTE(SUBSTITUTE(SUBSTITUTE(SUBSTITUTE(SUBSTITUTE(SUBSTITUTE(SUBSTITUTE(SUBSTITUTE(SUBSTITUTE(INDEX(Vorlagen!$F:$F,MATCH($S8,Vorlagen!$A:$A,0)),"{Anrede}",$F8),"{Betrieb}",$B8),"{Domain}",$J8),"{Hook1}",$K8),"{Hook2}",$L8),"{Winkel}",$M8),"{Extra}",$N8),"{Preis}",$O8),"{Monat}",$P8),"{Ziel}",$Q8),"{Tipp}",$R8),"{Vorschau_Link}",IF($T8="",S_Vorschau_Link,$T8)),"{Absender}",S_Absender),"{Absender_Web}",S_Absender_Web),"{Telefon}",S_Telefon),"{Termin_Vorschlag}",S_Termin_Vorschlag),"{Referenzpreis_Datum}",S_Referenzpreis_Datum) -> Guten Tag Frau Abbruzzino, ich bin Jean, Webdesigner und KI-Berater hier in Neunkirchen. Ich habe Ihre Startseite einmal neu gestaltet, mit Ihren eigenen Texten und Fotos. Das Ergebnis liegt bei: links Ihre Seite heute, rechts der Entwurf. Warum ich mich melde: Ich habe über 350 Websites aus Neunkirchen unter gleichen Bedingungen geladen. Ihre Startseite gehörte zu den langsamsten zehn Prozent. Bei einem Lieferdienst zählt jede Bestellung, die direkt bei Ihnen landet statt über ein Portal mit Provision. Der Entwurf ist fertig. Ob Sie ihn nutzen, entscheiden Sie. Wenn Sie ihn auf Ihrem Handy sehen möchten, scannen Sie den QR-Code oder schreiben Sie mir per WhatsApp an . Ich komme auch gern für 15 Minuten vorbei. Damit Sie nicht raten müssen: ab 990 € einmalig, Betreuung ab 49 € im Monat. Die zweite Hälfte zahlen Sie erst, wenn die Seite online ist und Ihnen gefällt. Viele Grüße aus Neunkirchen Jean P.S. Sie haben 174 Google-Bewertungen mit 4,0 Sternen. Auf Ihrer Website sieht man davon nichts. Ihre Anschrift stammt aus Ihrem Impressum bzw. öffentlichen Branchenverzeichnissen. Wenn Sie keine Post mehr von mir möchten, genügt ein kurzer Hinweis. | W8: =SUBSTITUTE(SUBSTITUTE(SUBSTITUTE(SUBSTITUTE(SUBSTITUTE(SUBSTITUTE(SUBSTITUTE(SUBSTITUTE(SUBSTITUTE(SUBSTITUTE(SUBSTITUTE(SUBSTITUTE(SUBSTITUTE(SUBSTITUTE(SUBSTITUTE(SUBSTITUTE(SUBSTITUTE(Vorlagen!$F$5,"{Anrede}",$F8),"{Betrieb}",$B8),"{Domain}",$J8),"{Hook1}",$K8),"{Hook2}",$L8),"{Winkel}",$M8),"{Extra}",$N8),"{Preis}",$O8),"{Monat}",$P8),"{Ziel}",$Q8),"{Tipp}",$R8),"{Vorschau_Link}",IF($T8="",S_Vorschau_Link,$T8)),"{Absender}",S_Absender),"{Absender_Web}",S_Absender_Web),"{Telefon}",S_Telefon),"{Termin_Vorschlag}",S_Termin_Vorschlag),"{Referenzpreis_Datum}",S_Referenzpreis_Datum) -> Guten Tag Frau Abbruzzino, danke für die paar Minuten heute. Wie besprochen hier die Vorschau für Pizzeria Gondoliere: Öffnen Sie sie am besten auf dem Handy, so sehen Ihre Kunden die Seite auch. Kurz zusammengefasst: - Heute: Ich habe über 350 Websites aus Neunkirchen unter gleichen Bedingungen geladen. Ihre Startseite gehörte zu den langsamsten zehn Prozent. - Neu: Alles ist auf das Handy ausgelegt, dazu ein eigenes Bestellsystem ohne Provision. - Ihre Inhalte bleiben. Sie müssen nichts neu schreiben. Preis: ab 990 € einmalig, Betreuung ab 49 € im Monat. Die zweite Hälfte zahlen Sie erst nach dem Livegang. Nächster Schritt: 15 Minuten, in denen wir Fotos und zwei, drei Wünsche durchgehen. Passt Ihnen Donnerstag gegen 15 Uhr? Viele Grüße Jean Wenn Sie keine weiteren Nachrichten von mir möchten, genügt eine kurze Antwort. | X8: =SUBSTITUTE(SUBSTITUTE(SUBSTITUTE(SUBSTITUTE(SUBSTITUTE(SUBSTITUTE(SUBSTITUTE(SUBSTITUTE(SUBSTITUTE(SUBSTITUTE(SUBSTITUTE(SUBSTITUTE(SUBSTITUTE(SUBSTITUTE(SUBSTITUTE(SUBSTITUTE(SUBSTITUTE(Vorlagen!$F$7,"{Anrede}",$F8),"{Betrieb}",$B8),"{Domain}",$J8),"{Hook1}",$K8),"{Hook2}",$L8),"{Winkel}",$M8),"{Extra}",$N8),"{Preis}",$O8),"{Monat}",$P8),"{Ziel}",$Q8),"{Tipp}",$R8),"{Vorschau_Link}",IF($T8="",S_Vorschau_Link,$T8)),"{Absender}",S_Absender),"{Absender_Web}",S_Absender_Web),"{Telefon}",S_Telefon),"{Termin_Vorschlag}",S_Termin_Vorschlag),"{Referenzpreis_Datum}",S_Referenzpreis_Datum) -> Guten Tag Frau Abbruzzino, kurz nachgefragt: Konnten Sie die Vorschau schon auf dem Handy ansehen? Wenn Sie mögen, setze ich bis Ende der Woche Ihre eigenen Fotos ein. Dann sehen Sie die Seite so, wie sie online gehen würde. Ein kurzes "Ja, machen" genügt. Viele Grüße Jean Wenn Sie keine weiteren Nachrichten von mir möchten, genügt eine kurze Antwort. | Y8: =SUBSTITUTE(SUBSTITUTE(SUBSTITUTE(SUBSTITUTE(SUBSTITUTE(SUBSTITUTE(SUBSTITUTE(SUBSTITUTE(SUBSTITUTE(SUBSTITUTE(SUBSTITUTE(SUBSTITUTE(SUBSTITUTE(SUBSTITUTE(SUBSTITUTE(SUBSTITUTE(SUBSTITUTE(Vorlagen!$F$8,"{Anrede}",$F8),"{Betrieb}",$B8),"{Domain}",$J8),"{Hook1}",$K8),"{Hook2}",$L8),"{Winkel}",$M8),"{Extra}",$N8),"{Preis}",$O8),"{Monat}",$P8),"{Ziel}",$Q8),"{Tipp}",$R8),"{Vorschau_Link}",IF($T8="",S_Vorschau_Link,$T8)),"{Absender}",S_Absender),"{Absender_Web}",S_Absender_Web),"{Telefon}",S_Telefon),"{Termin_Vorschlag}",S_Termin_Vorschlag),"{Referenzpreis_Datum}",S_Referenzpreis_Datum) -> Guten Tag Frau Abbruzzino, unabhängig davon, ob wir zusammenarbeiten, hier ein Tipp, der in fünf Minuten erledigt ist: Öffnen Sie Ihr Google-Unternehmensprofil und hinterlegen Sie Ihre aktuelle Speisekarte und einen direkten Bestelllink. Viele Gäste bestellen direkt aus Google Maps heraus. Die Vorschau Ihrer neuen Seite liegt weiter für Sie bereit: Bei Fragen rufen Sie mich einfach an: Viele Grüße Jean Wenn Sie keine weiteren Nachrichten von mir möchten, genügt eine kurze Antwort. | Z8: =SUBSTITUTE(SUBSTITUTE(SUBSTITUTE(SUBSTITUTE(SUBSTITUTE(SUBSTITUTE(SUBSTITUTE(SUBSTITUTE(SUBSTITUTE(SUBSTITUTE(SUBSTITUTE(SUBSTITUTE(SUBSTITUTE(SUBSTITUTE(SUBSTITUTE(SUBSTITUTE(SUBSTITUTE(Vorlagen!$F$9,"{Anrede}",$F8),"{Betrieb}",$B8),"{Domain}",$J8),"{Hook1}",$K8),"{Hook2}",$L8),"{Winkel}",$M8),"{Extra}",$N8),"{Preis}",$O8),"{Monat}",$P8),"{Ziel}",$Q8),"{Tipp}",$R8),"{Vorschau_Link}",IF($T8="",S_Vorschau_Link,$T8)),"{Absender}",S_Absender),"{Absender_Web}",S_Absender_Web),"{Telefon}",S_Telefon),"{Termin_Vorschlag}",S_Termin_Vorschlag),"{Referenzpreis_Datum}",S_Referenzpreis_Datum) -> Guten Tag Frau Abbruzzino, ich möchte Ihr Postfach nicht füllen, deshalb ist das meine letzte Nachricht dazu. Den Referenzpreis halte ich für Sie bis 30.11.2026. Danach nehme ich die Vorschau aus dem Netz. Eine Ziffer als Antwort genügt mir: 1 = Ja, lassen Sie uns kurz sprechen 2 = Später, melden Sie sich im neuen Jahr 3 = Kein Interesse Danke und viele Grüße Jean | AA8: =SUBSTITUTE(SUBSTITUTE(SUBSTITUTE(SUBSTITUTE(SUBSTITUTE(SUBSTITUTE(SUBSTITUTE(SUBSTITUTE(SUBSTITUTE(SUBSTITUTE(SUBSTITUTE(SUBSTITUTE(SUBSTITUTE(SUBSTITUTE(SUBSTITUTE(SUBSTITUTE(SUBSTITUTE(Vorlagen!$F$10,"{Anrede}",$F8),"{Betrieb}",$B8),"{Domain}",$J8),"{Hook1}",$K8),"{Hook2}",$L8),"{Winkel}",$M8),"{Extra}",$N8),"{Preis}",$O8),"{Monat}",$P8),"{Ziel}",$Q8),"{Tipp}",$R8),"{Vorschau_Link}",IF($T8="",S_Vorschau_Link,$T8)),"{Absender}",S_Absender),"{Absender_Web}",S_Absender_Web),"{Telefon}",S_Telefon),"{Termin_Vorschlag}",S_Termin_Vorschlag),"{Referenzpreis_Datum}",S_Referenzpreis_Datum) -> Hallo, hier ist Jean von vorhin. Hier die Vorschau für Pizzeria Gondoliere, am besten gleich auf dem Handy öffnen: Ich melde mich Donnerstag gegen 15 Uhr kurz wegen der Fotos. Viele Grüße | AD8: offen | AE8: =IF(OR($AC8="",$AD8="Auftrag",$AD8="Abgesagt"),"",IF($AD8="Brief versendet",$AC8+5,IF($AD8="Vorschau gesendet",$AC8+3,IF($AD8="Nachgefasst 1",$AC8+7,IF($AD8="Nachgefasst 2",$AC8+14,""))))) | AG8: 75 | AH8: Umsatzhebel
A9: 8 | B9: Hermann Didié Bürobedarf | C9: 1 | D9: Handel/Dienstleistung | F9: Guten Tag, | G9: Bahnhofstr. 1 c, 66538 Neunkirchen | H9: 06821 2 27 57 | J9: hermann-didie.de | K9: Ihre Seite ist nicht für Smartphones angepasst. Auf dem Handy erscheint sie stark verkleinert, man muss zoomen, um etwas zu lesen. | L9: Laut Server wurde Ihre Startseite zuletzt 2011 geändert. | M9: Kunden prüfen vor dem Weg in die Stadt kurz auf dem Handy, ob Sie haben, was sie suchen. | N9: eine Sortiments- und Aktionsseite, die Sie selbst pflegen | O9: ab 690 € | P9: ab 29 € | Q9: mehr Laufkundschaft | R9: Tragen Sie Ihre Samstags- und Feiertagszeiten im Google-Profil ein und laden Sie drei aktuelle Fotos vom Schaufenster hoch. | S9: B1 | U9: =SUBSTITUTE(SUBSTITUTE(SUBSTITUTE(SUBSTITUTE(SUBSTITUTE(SUBSTITUTE(SUBSTITUTE(SUBSTITUTE(SUBSTITUTE(SUBSTITUTE(SUBSTITUTE(SUBSTITUTE(SUBSTITUTE(SUBSTITUTE(SUBSTITUTE(SUBSTITUTE(SUBSTITUTE(INDEX(Vorlagen!$E:$E,MATCH($S9,Vorlagen!$A:$A,0)),"{Anrede}",$F9),"{Betrieb}",$B9),"{Domain}",$J9),"{Hook1}",$K9),"{Hook2}",$L9),"{Winkel}",$M9),"{Extra}",$N9),"{Preis}",$O9),"{Monat}",$P9),"{Ziel}",$Q9),"{Tipp}",$R9),"{Vorschau_Link}",IF($T9="",S_Vorschau_Link,$T9)),"{Absender}",S_Absender),"{Absender_Web}",S_Absender_Web),"{Telefon}",S_Telefon),"{Termin_Vorschlag}",S_Termin_Vorschlag),"{Referenzpreis_Datum}",S_Referenzpreis_Datum) -> Hermann Didié Bürobedarf: Ihre Website auf dem Handy | V9: =SUBSTITUTE(SUBSTITUTE(SUBSTITUTE(SUBSTITUTE(SUBSTITUTE(SUBSTITUTE(SUBSTITUTE(SUBSTITUTE(SUBSTITUTE(SUBSTITUTE(SUBSTITUTE(SUBSTITUTE(SUBSTITUTE(SUBSTITUTE(SUBSTITUTE(SUBSTITUTE(SUBSTITUTE(INDEX(Vorlagen!$F:$F,MATCH($S9,Vorlagen!$A:$A,0)),"{Anrede}",$F9),"{Betrieb}",$B9),"{Domain}",$J9),"{Hook1}",$K9),"{Hook2}",$L9),"{Winkel}",$M9),"{Extra}",$N9),"{Preis}",$O9),"{Monat}",$P9),"{Ziel}",$Q9),"{Tipp}",$R9),"{Vorschau_Link}",IF($T9="",S_Vorschau_Link,$T9)),"{Absender}",S_Absender),"{Absender_Web}",S_Absender_Web),"{Telefon}",S_Telefon),"{Termin_Vorschlag}",S_Termin_Vorschlag),"{Referenzpreis_Datum}",S_Referenzpreis_Datum) -> Guten Tag, ich bin Jean, Webdesigner und KI-Berater hier in Neunkirchen. Ich habe mir hermann-didie.de auf dem Handy angesehen. Dabei ist mir aufgefallen: Ihre Seite ist nicht für Smartphones angepasst. Auf dem Handy erscheint sie stark verkleinert, man muss zoomen, um etwas zu lesen. Kunden prüfen vor dem Weg in die Stadt kurz auf dem Handy, ob Sie haben, was sie suchen. Deshalb ein Vorschlag: Ich baue Ihnen eine Vorschau Ihrer neuen Startseite, mit Ihren eigenen Texten und Fotos. Das kostet Sie nichts und verpflichtet Sie zu nichts. Ich bringe sie vorbei, Sie schauen sie in Ruhe an. Gefällt sie Ihnen nicht, war es das. Ein kurzes Ja genügt: QR-Code scannen, anrufen oder per WhatsApp schreiben an . Falls Sie danach umsteigen möchten: Eine neue Website kostet bei mir ab 690 €, die Betreuung ab 29 € im Monat. Für Betriebe wie Ihren lohnt sich oft zusätzlich eine Sortiments- und Aktionsseite, die Sie selbst pflegen. Viele Grüße aus Neunkirchen Jean P.S. Laut Server wurde Ihre Startseite zuletzt 2011 geändert. Ihre Anschrift stammt aus Ihrem Impressum bzw. öffentlichen Branchenverzeichnissen. Wenn Sie keine Post mehr von mir möchten, genügt ein kurzer Hinweis. | W9: =SUBSTITUTE(SUBSTITUTE(SUBSTITUTE(SUBSTITUTE(SUBSTITUTE(SUBSTITUTE(SUBSTITUTE(SUBSTITUTE(SUBSTITUTE(SUBSTITUTE(SUBSTITUTE(SUBSTITUTE(SUBSTITUTE(SUBSTITUTE(SUBSTITUTE(SUBSTITUTE(SUBSTITUTE(Vorlagen!$F$5,"{Anrede}",$F9),"{Betrieb}",$B9),"{Domain}",$J9),"{Hook1}",$K9),"{Hook2}",$L9),"{Winkel}",$M9),"{Extra}",$N9),"{Preis}",$O9),"{Monat}",$P9),"{Ziel}",$Q9),"{Tipp}",$R9),"{Vorschau_Link}",IF($T9="",S_Vorschau_Link,$T9)),"{Absender}",S_Absender),"{Absender_Web}",S_Absender_Web),"{Telefon}",S_Telefon),"{Termin_Vorschlag}",S_Termin_Vorschlag),"{Referenzpreis_Datum}",S_Referenzpreis_Datum) -> Guten Tag, danke für die paar Minuten heute. Wie besprochen hier die Vorschau für Hermann Didié Bürobedarf: Öffnen Sie sie am besten auf dem Handy, so sehen Ihre Kunden die Seite auch. Kurz zusammengefasst: - Heute: Ihre Seite ist nicht für Smartphones angepasst. Auf dem Handy erscheint sie stark verkleinert, man muss zoomen, um etwas zu lesen. - Neu: Alles ist auf das Handy ausgelegt, dazu eine Sortiments- und Aktionsseite, die Sie selbst pflegen. - Ihre Inhalte bleiben. Sie müssen nichts neu schreiben. Preis: ab 690 € einmalig, Betreuung ab 29 € im Monat. Die zweite Hälfte zahlen Sie erst nach dem Livegang. Nächster Schritt: 15 Minuten, in denen wir Fotos und zwei, drei Wünsche durchgehen. Passt Ihnen Donnerstag gegen 15 Uhr? Viele Grüße Jean Wenn Sie keine weiteren Nachrichten von mir möchten, genügt eine kurze Antwort. | X9: =SUBSTITUTE(SUBSTITUTE(SUBSTITUTE(SUBSTITUTE(SUBSTITUTE(SUBSTITUTE(SUBSTITUTE(SUBSTITUTE(SUBSTITUTE(SUBSTITUTE(SUBSTITUTE(SUBSTITUTE(SUBSTITUTE(SUBSTITUTE(SUBSTITUTE(SUBSTITUTE(SUBSTITUTE(Vorlagen!$F$7,"{Anrede}",$F9),"{Betrieb}",$B9),"{Domain}",$J9),"{Hook1}",$K9),"{Hook2}",$L9),"{Winkel}",$M9),"{Extra}",$N9),"{Preis}",$O9),"{Monat}",$P9),"{Ziel}",$Q9),"{Tipp}",$R9),"{Vorschau_Link}",IF($T9="",S_Vorschau_Link,$T9)),"{Absender}",S_Absender),"{Absender_Web}",S_Absender_Web),"{Telefon}",S_Telefon),"{Termin_Vorschlag}",S_Termin_Vorschlag),"{Referenzpreis_Datum}",S_Referenzpreis_Datum) -> Guten Tag, kurz nachgefragt: Konnten Sie die Vorschau schon auf dem Handy ansehen? Wenn Sie mögen, setze ich bis Ende der Woche Ihre eigenen Fotos ein. Dann sehen Sie die Seite so, wie sie online gehen würde. Ein kurzes "Ja, machen" genügt. Viele Grüße Jean Wenn Sie keine weiteren Nachrichten von mir möchten, genügt eine kurze Antwort. | Y9: =SUBSTITUTE(SUBSTITUTE(SUBSTITUTE(SUBSTITUTE(SUBSTITUTE(SUBSTITUTE(SUBSTITUTE(SUBSTITUTE(SUBSTITUTE(SUBSTITUTE(SUBSTITUTE(SUBSTITUTE(SUBSTITUTE(SUBSTITUTE(SUBSTITUTE(SUBSTITUTE(SUBSTITUTE(Vorlagen!$F$8,"{Anrede}",$F9),"{Betrieb}",$B9),"{Domain}",$J9),"{Hook1}",$K9),"{Hook2}",$L9),"{Winkel}",$M9),"{Extra}",$N9),"{Preis}",$O9),"{Monat}",$P9),"{Ziel}",$Q9),"{Tipp}",$R9),"{Vorschau_Link}",IF($T9="",S_Vorschau_Link,$T9)),"{Absender}",S_Absender),"{Absender_Web}",S_Absender_Web),"{Telefon}",S_Telefon),"{Termin_Vorschlag}",S_Termin_Vorschlag),"{Referenzpreis_Datum}",S_Referenzpreis_Datum) -> Guten Tag, unabhängig davon, ob wir zusammenarbeiten, hier ein Tipp, der in fünf Minuten erledigt ist: Tragen Sie Ihre Samstags- und Feiertagszeiten im Google-Profil ein und laden Sie drei aktuelle Fotos vom Schaufenster hoch. Die Vorschau Ihrer neuen Seite liegt weiter für Sie bereit: Bei Fragen rufen Sie mich einfach an: Viele Grüße Jean Wenn Sie keine weiteren Nachrichten von mir möchten, genügt eine kurze Antwort. | Z9: =SUBSTITUTE(SUBSTITUTE(SUBSTITUTE(SUBSTITUTE(SUBSTITUTE(SUBSTITUTE(SUBSTITUTE(SUBSTITUTE(SUBSTITUTE(SUBSTITUTE(SUBSTITUTE(SUBSTITUTE(SUBSTITUTE(SUBSTITUTE(SUBSTITUTE(SUBSTITUTE(SUBSTITUTE(Vorlagen!$F$9,"{Anrede}",$F9),"{Betrieb}",$B9),"{Domain}",$J9),"{Hook1}",$K9),"{Hook2}",$L9),"{Winkel}",$M9),"{Extra}",$N9),"{Preis}",$O9),"{Monat}",$P9),"{Ziel}",$Q9),"{Tipp}",$R9),"{Vorschau_Link}",IF($T9="",S_Vorschau_Link,$T9)),"{Absender}",S_Absender),"{Absender_Web}",S_Absender_Web),"{Telefon}",S_Telefon),"{Termin_Vorschlag}",S_Termin_Vorschlag),"{Referenzpreis_Datum}",S_Referenzpreis_Datum) -> Guten Tag, ich möchte Ihr Postfach nicht füllen, deshalb ist das meine letzte Nachricht dazu. Den Referenzpreis halte ich für Sie bis 30.11.2026. Danach nehme ich die Vorschau aus dem Netz. Eine Ziffer als Antwort genügt mir: 1 = Ja, lassen Sie uns kurz sprechen 2 = Später, melden Sie sich im neuen Jahr 3 = Kein Interesse Danke und viele Grüße Jean | AA9: =SUBSTITUTE(SUBSTITUTE(SUBSTITUTE(SUBSTITUTE(SUBSTITUTE(SUBSTITUTE(SUBSTITUTE(SUBSTITUTE(SUBSTITUTE(SUBSTITUTE(SUBSTITUTE(SUBSTITUTE(SUBSTITUTE(SUBSTITUTE(SUBSTITUTE(SUBSTITUTE(SUBSTITUTE(Vorlagen!$F$10,"{Anrede}",$F9),"{Betrieb}",$B9),"{Domain}",$J9),"{Hook1}",$K9),"{Hook2}",$L9),"{Winkel}",$M9),"{Extra}",$N9),"{Preis}",$O9),"{Monat}",$P9),"{Ziel}",$Q9),"{Tipp}",$R9),"{Vorschau_Link}",IF($T9="",S_Vorschau_Link,$T9)),"{Absender}",S_Absender),"{Absender_Web}",S_Absender_Web),"{Telefon}",S_Telefon),"{Termin_Vorschlag}",S_Termin_Vorschlag),"{Referenzpreis_Datum}",S_Referenzpreis_Datum) -> Hallo, hier ist Jean von vorhin. Hier die Vorschau für Hermann Didié Bürobedarf, am besten gleich auf dem Handy öffnen: Ich melde mich Donnerstag gegen 15 Uhr kurz wegen der Fotos. Viele Grüße | AD9: offen | AE9: =IF(OR($AC9="",$AD9="Auftrag",$AD9="Abgesagt"),"",IF($AD9="Brief versendet",$AC9+5,IF($AD9="Vorschau gesendet",$AC9+3,IF($AD9="Nachgefasst 1",$AC9+7,IF($AD9="Nachgefasst 2",$AC9+14,""))))) | AG9: 74 | AH9: Quick Win
A10: 9 | B10: Beauty Nails Ornella | C10: 1 | D10: Beauty/Körperpflege | F10: Guten Tag, | G10: Ruhstockstr. 10, 66538 Neunkirchen | H10: 06821 4013600 | J10: beauty-nails-ornella.de | K10: Ihre Seite ist nicht für Smartphones angepasst. Auf dem Handy erscheint sie stark verkleinert, man muss zoomen, um etwas zu lesen. | L10: Laut Server wurde Ihre Startseite zuletzt 2012 geändert. | M10: Neukundinnen und Neukunden suchen auf dem Handy und buchen dort, wo es am schnellsten geht. | N10: eine Online-Terminbuchung mit Erinnerung | O10: ab 690 € | P10: ab 29 € | Q10: mehr gebuchte Termine | R10: Fügen Sie in Ihrem Google-Profil Ihre Leistungen mit Preisen hinzu. Neukundinnen und Neukunden vergleichen genau das. | S10: B2 | U10: =SUBSTITUTE(SUBSTITUTE(SUBSTITUTE(SUBSTITUTE(SUBSTITUTE(SUBSTITUTE(SUBSTITUTE(SUBSTITUTE(SUBSTITUTE(SUBSTITUTE(SUBSTITUTE(SUBSTITUTE(SUBSTITUTE(SUBSTITUTE(SUBSTITUTE(SUBSTITUTE(SUBSTITUTE(INDEX(Vorlagen!$E:$E,MATCH($S10,Vorlagen!$A:$A,0)),"{Anrede}",$F10),"{Betrieb}",$B10),"{Domain}",$J10),"{Hook1}",$K10),"{Hook2}",$L10),"{Winkel}",$M10),"{Extra}",$N10),"{Preis}",$O10),"{Monat}",$P10),"{Ziel}",$Q10),"{Tipp}",$R10),"{Vorschau_Link}",IF($T10="",S_Vorschau_Link,$T10)),"{Absender}",S_Absender),"{Absender_Web}",S_Absender_Web),"{Telefon}",S_Telefon),"{Termin_Vorschlag}",S_Termin_Vorschlag),"{Referenzpreis_Datum}",S_Referenzpreis_Datum) -> Beauty Nails Ornella: so könnte Ihre Website aussehen | V10: =SUBSTITUTE(SUBSTITUTE(SUBSTITUTE(SUBSTITUTE(SUBSTITUTE(SUBSTITUTE(SUBSTITUTE(SUBSTITUTE(SUBSTITUTE(SUBSTITUTE(SUBSTITUTE(SUBSTITUTE(SUBSTITUTE(SUBSTITUTE(SUBSTITUTE(SUBSTITUTE(SUBSTITUTE(INDEX(Vorlagen!$F:$F,MATCH($S10,Vorlagen!$A:$A,0)),"{Anrede}",$F10),"{Betrieb}",$B10),"{Domain}",$J10),"{Hook1}",$K10),"{Hook2}",$L10),"{Winkel}",$M10),"{Extra}",$N10),"{Preis}",$O10),"{Monat}",$P10),"{Ziel}",$Q10),"{Tipp}",$R10),"{Vorschau_Link}",IF($T10="",S_Vorschau_Link,$T10)),"{Absender}",S_Absender),"{Absender_Web}",S_Absender_Web),"{Telefon}",S_Telefon),"{Termin_Vorschlag}",S_Termin_Vorschlag),"{Referenzpreis_Datum}",S_Referenzpreis_Datum) -> Guten Tag, ich bin Jean, Webdesigner und KI-Berater hier in Neunkirchen. Ich habe Ihre Startseite einmal neu gestaltet, mit Ihren eigenen Texten und Fotos. Das Ergebnis liegt bei: links Ihre Seite heute, rechts der Entwurf. Warum ich mich melde: Ihre Seite ist nicht für Smartphones angepasst. Auf dem Handy erscheint sie stark verkleinert, man muss zoomen, um etwas zu lesen. Neukundinnen und Neukunden suchen auf dem Handy und buchen dort, wo es am schnellsten geht. Der Entwurf ist fertig. Ob Sie ihn nutzen, entscheiden Sie. Wenn Sie ihn auf Ihrem Handy sehen möchten, scannen Sie den QR-Code oder schreiben Sie mir per WhatsApp an . Ich komme auch gern für 15 Minuten vorbei. Damit Sie nicht raten müssen: ab 690 € einmalig, Betreuung ab 29 € im Monat. Die zweite Hälfte zahlen Sie erst, wenn die Seite online ist und Ihnen gefällt. Viele Grüße aus Neunkirchen Jean P.S. Laut Server wurde Ihre Startseite zuletzt 2012 geändert. Ihre Anschrift stammt aus Ihrem Impressum bzw. öffentlichen Branchenverzeichnissen. Wenn Sie keine Post mehr von mir möchten, genügt ein kurzer Hinweis. | W10: =SUBSTITUTE(SUBSTITUTE(SUBSTITUTE(SUBSTITUTE(SUBSTITUTE(SUBSTITUTE(SUBSTITUTE(SUBSTITUTE(SUBSTITUTE(SUBSTITUTE(SUBSTITUTE(SUBSTITUTE(SUBSTITUTE(SUBSTITUTE(SUBSTITUTE(SUBSTITUTE(SUBSTITUTE(Vorlagen!$F$5,"{Anrede}",$F10),"{Betrieb}",$B10),"{Domain}",$J10),"{Hook1}",$K10),"{Hook2}",$L10),"{Winkel}",$M10),"{Extra}",$N10),"{Preis}",$O10),"{Monat}",$P10),"{Ziel}",$Q10),"{Tipp}",$R10),"{Vorschau_Link}",IF($T10="",S_Vorschau_Link,$T10)),"{Absender}",S_Absender),"{Absender_Web}",S_Absender_Web),"{Telefon}",S_Telefon),"{Termin_Vorschlag}",S_Termin_Vorschlag),"{Referenzpreis_Datum}",S_Referenzpreis_Datum) -> Guten Tag, danke für die paar Minuten heute. Wie besprochen hier die Vorschau für Beauty Nails Ornella: Öffnen Sie sie am besten auf dem Handy, so sehen Ihre Kunden die Seite auch. Kurz zusammengefasst: - Heute: Ihre Seite ist nicht für Smartphones angepasst. Auf dem Handy erscheint sie stark verkleinert, man muss zoomen, um etwas zu lesen. - Neu: Alles ist auf das Handy ausgelegt, dazu eine Online-Terminbuchung mit Erinnerung. - Ihre Inhalte bleiben. Sie müssen nichts neu schreiben. Preis: ab 690 € einmalig, Betreuung ab 29 € im Monat. Die zweite Hälfte zahlen Sie erst nach dem Livegang. Nächster Schritt: 15 Minuten, in denen wir Fotos und zwei, drei Wünsche durchgehen. Passt Ihnen Donnerstag gegen 15 Uhr? Viele Grüße Jean Wenn Sie keine weiteren Nachrichten von mir möchten, genügt eine kurze Antwort. | X10: =SUBSTITUTE(SUBSTITUTE(SUBSTITUTE(SUBSTITUTE(SUBSTITUTE(SUBSTITUTE(SUBSTITUTE(SUBSTITUTE(SUBSTITUTE(SUBSTITUTE(SUBSTITUTE(SUBSTITUTE(SUBSTITUTE(SUBSTITUTE(SUBSTITUTE(SUBSTITUTE(SUBSTITUTE(Vorlagen!$F$7,"{Anrede}",$F10),"{Betrieb}",$B10),"{Domain}",$J10),"{Hook1}",$K10),"{Hook2}",$L10),"{Winkel}",$M10),"{Extra}",$N10),"{Preis}",$O10),"{Monat}",$P10),"{Ziel}",$Q10),"{Tipp}",$R10),"{Vorschau_Link}",IF($T10="",S_Vorschau_Link,$T10)),"{Absender}",S_Absender),"{Absender_Web}",S_Absender_Web),"{Telefon}",S_Telefon),"{Termin_Vorschlag}",S_Termin_Vorschlag),"{Referenzpreis_Datum}",S_Referenzpreis_Datum) -> Guten Tag, kurz nachgefragt: Konnten Sie die Vorschau schon auf dem Handy ansehen? Wenn Sie mögen, setze ich bis Ende der Woche Ihre eigenen Fotos ein. Dann sehen Sie die Seite so, wie sie online gehen würde. Ein kurzes "Ja, machen" genügt. Viele Grüße Jean Wenn Sie keine weiteren Nachrichten von mir möchten, genügt eine kurze Antwort. | Y10: =SUBSTITUTE(SUBSTITUTE(SUBSTITUTE(SUBSTITUTE(SUBSTITUTE(SUBSTITUTE(SUBSTITUTE(SUBSTITUTE(SUBSTITUTE(SUBSTITUTE(SUBSTITUTE(SUBSTITUTE(SUBSTITUTE(SUBSTITUTE(SUBSTITUTE(SUBSTITUTE(SUBSTITUTE(Vorlagen!$F$8,"{Anrede}",$F10),"{Betrieb}",$B10),"{Domain}",$J10),"{Hook1}",$K10),"{Hook2}",$L10),"{Winkel}",$M10),"{Extra}",$N10),"{Preis}",$O10),"{Monat}",$P10),"{Ziel}",$Q10),"{Tipp}",$R10),"{Vorschau_Link}",IF($T10="",S_Vorschau_Link,$T10)),"{Absender}",S_Absender),"{Absender_Web}",S_Absender_Web),"{Telefon}",S_Telefon),"{Termin_Vorschlag}",S_Termin_Vorschlag),"{Referenzpreis_Datum}",S_Referenzpreis_Datum) -> Guten Tag, unabhängig davon, ob wir zusammenarbeiten, hier ein Tipp, der in fünf Minuten erledigt ist: Fügen Sie in Ihrem Google-Profil Ihre Leistungen mit Preisen hinzu. Neukundinnen und Neukunden vergleichen genau das. Die Vorschau Ihrer neuen Seite liegt weiter für Sie bereit: Bei Fragen rufen Sie mich einfach an: Viele Grüße Jean Wenn Sie keine weiteren Nachrichten von mir möchten, genügt eine kurze Antwort. | Z10: =SUBSTITUTE(SUBSTITUTE(SUBSTITUTE(SUBSTITUTE(SUBSTITUTE(SUBSTITUTE(SUBSTITUTE(SUBSTITUTE(SUBSTITUTE(SUBSTITUTE(SUBSTITUTE(SUBSTITUTE(SUBSTITUTE(SUBSTITUTE(SUBSTITUTE(SUBSTITUTE(SUBSTITUTE(Vorlagen!$F$9,"{Anrede}",$F10),"{Betrieb}",$B10),"{Domain}",$J10),"{Hook1}",$K10),"{Hook2}",$L10),"{Winkel}",$M10),"{Extra}",$N10),"{Preis}",$O10),"{Monat}",$P10),"{Ziel}",$Q10),"{Tipp}",$R10),"{Vorschau_Link}",IF($T10="",S_Vorschau_Link,$T10)),"{Absender}",S_Absender),"{Absender_Web}",S_Absender_Web),"{Telefon}",S_Telefon),"{Termin_Vorschlag}",S_Termin_Vorschlag),"{Referenzpreis_Datum}",S_Referenzpreis_Datum) -> Guten Tag, ich möchte Ihr Postfach nicht füllen, deshalb ist das meine letzte Nachricht dazu. Den Referenzpreis halte ich für Sie bis 30.11.2026. Danach nehme ich die Vorschau aus dem Netz. Eine Ziffer als Antwort genügt mir: 1 = Ja, lassen Sie uns kurz sprechen 2 = Später, melden Sie sich im neuen Jahr 3 = Kein Interesse Danke und viele Grüße Jean | AA10: =SUBSTITUTE(SUBSTITUTE(SUBSTITUTE(SUBSTITUTE(SUBSTITUTE(SUBSTITUTE(SUBSTITUTE(SUBSTITUTE(SUBSTITUTE(SUBSTITUTE(SUBSTITUTE(SUBSTITUTE(SUBSTITUTE(SUBSTITUTE(SUBSTITUTE(SUBSTITUTE(SUBSTITUTE(Vorlagen!$F$10,"{Anrede}",$F10),"{Betrieb}",$B10),"{Domain}",$J10),"{Hook1}",$K10),"{Hook2}",$L10),"{Winkel}",$M10),"{Extra}",$N10),"{Preis}",$O10),"{Monat}",$P10),"{Ziel}",$Q10),"{Tipp}",$R10),"{Vorschau_Link}",IF($T10="",S_Vorschau_Link,$T10)),"{Absender}",S_Absender),"{Absender_Web}",S_Absender_Web),"{Telefon}",S_Telefon),"{Termin_Vorschlag}",S_Termin_Vorschlag),"{Referenzpreis_Datum}",S_Referenzpreis_Datum) -> Hallo, hier ist Jean von vorhin. Hier die Vorschau für Beauty Nails Ornella, am besten gleich auf dem Handy öffnen: Ich melde mich Donnerstag gegen 15 Uhr kurz wegen der Fotos. Viele Grüße | AD10: offen | AE10: =IF(OR($AC10="",$AD10="Auftrag",$AD10="Abgesagt"),"",IF($AD10="Brief versendet",$AC10+5,IF($AD10="Vorschau gesendet",$AC10+3,IF($AD10="Nachgefasst 1",$AC10+7,IF($AD10="Nachgefasst 2",$AC10+14,""))))) | AG10: 73 | AH10: Quick Win
A11: 10 | B11: MetallDesign Müller | C11: 1 | D11: Handwerk/Bau | F11: Guten Tag, | G11: Mozartstr. 7-9, 66538 Neunkirchen | H11: 06821 1 79 97 57 | J11: metalldesignmueller.de | K11: Ihre Seite ist nicht für Smartphones angepasst. Auf dem Handy erscheint sie stark verkleinert, man muss zoomen, um etwas zu lesen. | L11: Laut Server wurde Ihre Startseite zuletzt 2018 geändert. | M11: Aufträge und vor allem Azubis und Gesellen finden Sie heute über eine Seite, die auf dem Handy überzeugt. | N11: eine Karriereseite und ein Anfrageformular mit Foto-Upload | O11: ab 790 € | P11: ab 29 € | Q11: Anfragen und Bewerbungen | R11: Laden Sie Vorher-Nachher-Fotos von drei aktuellen Aufträgen in Ihr Google-Profil. Nichts überzeugt neue Kunden schneller. | S11: B1 | U11: =SUBSTITUTE(SUBSTITUTE(SUBSTITUTE(SUBSTITUTE(SUBSTITUTE(SUBSTITUTE(SUBSTITUTE(SUBSTITUTE(SUBSTITUTE(SUBSTITUTE(SUBSTITUTE(SUBSTITUTE(SUBSTITUTE(SUBSTITUTE(SUBSTITUTE(SUBSTITUTE(SUBSTITUTE(INDEX(Vorlagen!$E:$E,MATCH($S11,Vorlagen!$A:$A,0)),"{Anrede}",$F11),"{Betrieb}",$B11),"{Domain}",$J11),"{Hook1}",$K11),"{Hook2}",$L11),"{Winkel}",$M11),"{Extra}",$N11),"{Preis}",$O11),"{Monat}",$P11),"{Ziel}",$Q11),"{Tipp}",$R11),"{Vorschau_Link}",IF($T11="",S_Vorschau_Link,$T11)),"{Absender}",S_Absender),"{Absender_Web}",S_Absender_Web),"{Telefon}",S_Telefon),"{Termin_Vorschlag}",S_Termin_Vorschlag),"{Referenzpreis_Datum}",S_Referenzpreis_Datum) -> MetallDesign Müller: Ihre Website auf dem Handy | V11: =SUBSTITUTE(SUBSTITUTE(SUBSTITUTE(SUBSTITUTE(SUBSTITUTE(SUBSTITUTE(SUBSTITUTE(SUBSTITUTE(SUBSTITUTE(SUBSTITUTE(SUBSTITUTE(SUBSTITUTE(SUBSTITUTE(SUBSTITUTE(SUBSTITUTE(SUBSTITUTE(SUBSTITUTE(INDEX(Vorlagen!$F:$F,MATCH($S11,Vorlagen!$A:$A,0)),"{Anrede}",$F11),"{Betrieb}",$B11),"{Domain}",$J11),"{Hook1}",$K11),"{Hook2}",$L11),"{Winkel}",$M11),"{Extra}",$N11),"{Preis}",$O11),"{Monat}",$P11),"{Ziel}",$Q11),"{Tipp}",$R11),"{Vorschau_Link}",IF($T11="",S_Vorschau_Link,$T11)),"{Absender}",S_Absender),"{Absender_Web}",S_Absender_Web),"{Telefon}",S_Telefon),"{Termin_Vorschlag}",S_Termin_Vorschlag),"{Referenzpreis_Datum}",S_Referenzpreis_Datum) -> Guten Tag, ich bin Jean, Webdesigner und KI-Berater hier in Neunkirchen. Ich habe mir metalldesignmueller.de auf dem Handy angesehen. Dabei ist mir aufgefallen: Ihre Seite ist nicht für Smartphones angepasst. Auf dem Handy erscheint sie stark verkleinert, man muss zoomen, um etwas zu lesen. Aufträge und vor allem Azubis und Gesellen finden Sie heute über eine Seite, die auf dem Handy überzeugt. Deshalb ein Vorschlag: Ich baue Ihnen eine Vorschau Ihrer neuen Startseite, mit Ihren eigenen Texten und Fotos. Das kostet Sie nichts und verpflichtet Sie zu nichts. Ich bringe sie vorbei, Sie schauen sie in Ruhe an. Gefällt sie Ihnen nicht, war es das. Ein kurzes Ja genügt: QR-Code scannen, anrufen oder per WhatsApp schreiben an . Falls Sie danach umsteigen möchten: Eine neue Website kostet bei mir ab 790 €, die Betreuung ab 29 € im Monat. Für Betriebe wie Ihren lohnt sich oft zusätzlich eine Karriereseite und ein Anfrageformular mit Foto-Upload. Viele Grüße aus Neunkirchen Jean P.S. Laut Server wurde Ihre Startseite zuletzt 2018 geändert. Ihre Anschrift stammt aus Ihrem Impressum bzw. öffentlichen Branchenverzeichnissen. Wenn Sie keine Post mehr von mir möchten, genügt ein kurzer Hinweis. | W11: =SUBSTITUTE(SUBSTITUTE(SUBSTITUTE(SUBSTITUTE(SUBSTITUTE(SUBSTITUTE(SUBSTITUTE(SUBSTITUTE(SUBSTITUTE(SUBSTITUTE(SUBSTITUTE(SUBSTITUTE(SUBSTITUTE(SUBSTITUTE(SUBSTITUTE(SUBSTITUTE(SUBSTITUTE(Vorlagen!$F$5,"{Anrede}",$F11),"{Betrieb}",$B11),"{Domain}",$J11),"{Hook1}",$K11),"{Hook2}",$L11),"{Winkel}",$M11),"{Extra}",$N11),"{Preis}",$O11),"{Monat}",$P11),"{Ziel}",$Q11),"{Tipp}",$R11),"{Vorschau_Link}",IF($T11="",S_Vorschau_Link,$T11)),"{Absender}",S_Absender),"{Absender_Web}",S_Absender_Web),"{Telefon}",S_Telefon),"{Termin_Vorschlag}",S_Termin_Vorschlag),"{Referenzpreis_Datum}",S_Referenzpreis_Datum) -> Guten Tag, danke für die paar Minuten heute. Wie besprochen hier die Vorschau für MetallDesign Müller: Öffnen Sie sie am besten auf dem Handy, so sehen Ihre Kunden die Seite auch. Kurz zusammengefasst: - Heute: Ihre Seite ist nicht für Smartphones angepasst. Auf dem Handy erscheint sie stark verkleinert, man muss zoomen, um etwas zu lesen. - Neu: Alles ist auf das Handy ausgelegt, dazu eine Karriereseite und ein Anfrageformular mit Foto-Upload. - Ihre Inhalte bleiben. Sie müssen nichts neu schreiben. Preis: ab 790 € einmalig, Betreuung ab 29 € im Monat. Die zweite Hälfte zahlen Sie erst nach dem Livegang. Nächster Schritt: 15 Minuten, in denen wir Fotos und zwei, drei Wünsche durchgehen. Passt Ihnen Donnerstag gegen 15 Uhr? Viele Grüße Jean Wenn Sie keine weiteren Nachrichten von mir möchten, genügt eine kurze Antwort. | X11: =SUBSTITUTE(SUBSTITUTE(SUBSTITUTE(SUBSTITUTE(SUBSTITUTE(SUBSTITUTE(SUBSTITUTE(SUBSTITUTE(SUBSTITUTE(SUBSTITUTE(SUBSTITUTE(SUBSTITUTE(SUBSTITUTE(SUBSTITUTE(SUBSTITUTE(SUBSTITUTE(SUBSTITUTE(Vorlagen!$F$7,"{Anrede}",$F11),"{Betrieb}",$B11),"{Domain}",$J11),"{Hook1}",$K11),"{Hook2}",$L11),"{Winkel}",$M11),"{Extra}",$N11),"{Preis}",$O11),"{Monat}",$P11),"{Ziel}",$Q11),"{Tipp}",$R11),"{Vorschau_Link}",IF($T11="",S_Vorschau_Link,$T11)),"{Absender}",S_Absender),"{Absender_Web}",S_Absender_Web),"{Telefon}",S_Telefon),"{Termin_Vorschlag}",S_Termin_Vorschlag),"{Referenzpreis_Datum}",S_Referenzpreis_Datum) -> Guten Tag, kurz nachgefragt: Konnten Sie die Vorschau schon auf dem Handy ansehen? Wenn Sie mögen, setze ich bis Ende der Woche Ihre eigenen Fotos ein. Dann sehen Sie die Seite so, wie sie online gehen würde. Ein kurzes "Ja, machen" genügt. Viele Grüße Jean Wenn Sie keine weiteren Nachrichten von mir möchten, genügt eine kurze Antwort. | Y11: =SUBSTITUTE(SUBSTITUTE(SUBSTITUTE(SUBSTITUTE(SUBSTITUTE(SUBSTITUTE(SUBSTITUTE(SUBSTITUTE(SUBSTITUTE(SUBSTITUTE(SUBSTITUTE(SUBSTITUTE(SUBSTITUTE(SUBSTITUTE(SUBSTITUTE(SUBSTITUTE(SUBSTITUTE(Vorlagen!$F$8,"{Anrede}",$F11),"{Betrieb}",$B11),"{Domain}",$J11),"{Hook1}",$K11),"{Hook2}",$L11),"{Winkel}",$M11),"{Extra}",$N11),"{Preis}",$O11),"{Monat}",$P11),"{Ziel}",$Q11),"{Tipp}",$R11),"{Vorschau_Link}",IF($T11="",S_Vorschau_Link,$T11)),"{Absender}",S_Absender),"{Absender_Web}",S_Absender_Web),"{Telefon}",S_Telefon),"{Termin_Vorschlag}",S_Termin_Vorschlag),"{Referenzpreis_Datum}",S_Referenzpreis_Datum) -> Guten Tag, unabhängig davon, ob wir zusammenarbeiten, hier ein Tipp, der in fünf Minuten erledigt ist: Laden Sie Vorher-Nachher-Fotos von drei aktuellen Aufträgen in Ihr Google-Profil. Nichts überzeugt neue Kunden schneller. Die Vorschau Ihrer neuen Seite liegt weiter für Sie bereit: Bei Fragen rufen Sie mich einfach an: Viele Grüße Jean Wenn Sie keine weiteren Nachrichten von mir möchten, genügt eine kurze Antwort. | Z11: =SUBSTITUTE(SUBSTITUTE(SUBSTITUTE(SUBSTITUTE(SUBSTITUTE(SUBSTITUTE(SUBSTITUTE(SUBSTITUTE(SUBSTITUTE(SUBSTITUTE(SUBSTITUTE(SUBSTITUTE(SUBSTITUTE(SUBSTITUTE(SUBSTITUTE(SUBSTITUTE(SUBSTITUTE(Vorlagen!$F$9,"{Anrede}",$F11),"{Betrieb}",$B11),"{Domain}",$J11),"{Hook1}",$K11),"{Hook2}",$L11),"{Winkel}",$M11),"{Extra}",$N11),"{Preis}",$O11),"{Monat}",$P11),"{Ziel}",$Q11),"{Tipp}",$R11),"{Vorschau_Link}",IF($T11="",S_Vorschau_Link,$T11)),"{Absender}",S_Absender),"{Absender_Web}",S_Absender_Web),"{Telefon}",S_Telefon),"{Termin_Vorschlag}",S_Termin_Vorschlag),"{Referenzpreis_Datum}",S_Referenzpreis_Datum) -> Guten Tag, ich möchte Ihr Postfach nicht füllen, deshalb ist das meine letzte Nachricht dazu. Den Referenzpreis halte ich für Sie bis 30.11.2026. Danach nehme ich die Vorschau aus dem Netz. Eine Ziffer als Antwort genügt mir: 1 = Ja, lassen Sie uns kurz sprechen 2 = Später, melden Sie sich im neuen Jahr 3 = Kein Interesse Danke und viele Grüße Jean | AA11: =SUBSTITUTE(SUBSTITUTE(SUBSTITUTE(SUBSTITUTE(SUBSTITUTE(SUBSTITUTE(SUBSTITUTE(SUBSTITUTE(SUBSTITUTE(SUBSTITUTE(SUBSTITUTE(SUBSTITUTE(SUBSTITUTE(SUBSTITUTE(SUBSTITUTE(SUBSTITUTE(SUBSTITUTE(Vorlagen!$F$10,"{Anrede}",$F11),"{Betrieb}",$B11),"{Domain}",$J11),"{Hook1}",$K11),"{Hook2}",$L11),"{Winkel}",$M11),"{Extra}",$N11),"{Preis}",$O11),"{Monat}",$P11),"{Ziel}",$Q11),"{Tipp}",$R11),"{Vorschau_Link}",IF($T11="",S_Vorschau_Link,$T11)),"{Absender}",S_Absender),"{Absender_Web}",S_Absender_Web),"{Telefon}",S_Telefon),"{Termin_Vorschlag}",S_Termin_Vorschlag),"{Referenzpreis_Datum}",S_Referenzpreis_Datum) -> Hallo, hier ist Jean von vorhin. Hier die Vorschau für MetallDesign Müller, am besten gleich auf dem Handy öffnen: Ich melde mich Donnerstag gegen 15 Uhr kurz wegen der Fotos. Viele Grüße | AD11: offen | AE11: =IF(OR($AC11="",$AD11="Auftrag",$AD11="Abgesagt"),"",IF($AD11="Brief versendet",$AC11+5,IF($AD11="Vorschau gesendet",$AC11+3,IF($AD11="Nachgefasst 1",$AC11+7,IF($AD11="Nachgefasst 2",$AC11+14,""))))) | AG11: 72 | AH11: Quick Win
A12: 11 | B12: aqua bar lounge club | C12: 1 | D12: Gastronomie | F12: Guten Tag, | G12: Jahnstr. 2, 66538 Neunkirchen | H12: 06821 8681999 | J12: aqua-nk.de | K12: Unter aqua-nk.de erscheint derzeit nur eine Standardseite des Hosters, keine Website. | L12: Die Vorschau bleibt auch dann kostenlos, wenn Sie am Ende bei Ihrer jetzigen Seite bleiben. | M12: Gäste suchen abends auf dem Handy nach Speisekarte, Öffnungszeiten und einem Platz für heute. | N12: eine Online-Reservierung und eine Seite für Feiern und Gruppen | O12: ab 990 € | P12: ab 39 € | Q12: mehr Reservierungen | R12: Laden Sie im Google-Unternehmensprofil fünf aktuelle Fotos hoch: ein Gericht, den Gastraum, die Außenansicht, das Team, die Theke. Google empfiehlt selbst, Fotos regelmäßig zu erneuern. | S12: B1 | U12: =SUBSTITUTE(SUBSTITUTE(SUBSTITUTE(SUBSTITUTE(SUBSTITUTE(SUBSTITUTE(SUBSTITUTE(SUBSTITUTE(SUBSTITUTE(SUBSTITUTE(SUBSTITUTE(SUBSTITUTE(SUBSTITUTE(SUBSTITUTE(SUBSTITUTE(SUBSTITUTE(SUBSTITUTE(INDEX(Vorlagen!$E:$E,MATCH($S12,Vorlagen!$A:$A,0)),"{Anrede}",$F12),"{Betrieb}",$B12),"{Domain}",$J12),"{Hook1}",$K12),"{Hook2}",$L12),"{Winkel}",$M12),"{Extra}",$N12),"{Preis}",$O12),"{Monat}",$P12),"{Ziel}",$Q12),"{Tipp}",$R12),"{Vorschau_Link}",IF($T12="",S_Vorschau_Link,$T12)),"{Absender}",S_Absender),"{Absender_Web}",S_Absender_Web),"{Telefon}",S_Telefon),"{Termin_Vorschlag}",S_Termin_Vorschlag),"{Referenzpreis_Datum}",S_Referenzpreis_Datum) -> aqua bar lounge club: Ihre Website auf dem Handy | V12: =SUBSTITUTE(SUBSTITUTE(SUBSTITUTE(SUBSTITUTE(SUBSTITUTE(SUBSTITUTE(SUBSTITUTE(SUBSTITUTE(SUBSTITUTE(SUBSTITUTE(SUBSTITUTE(SUBSTITUTE(SUBSTITUTE(SUBSTITUTE(SUBSTITUTE(SUBSTITUTE(SUBSTITUTE(INDEX(Vorlagen!$F:$F,MATCH($S12,Vorlagen!$A:$A,0)),"{Anrede}",$F12),"{Betrieb}",$B12),"{Domain}",$J12),"{Hook1}",$K12),"{Hook2}",$L12),"{Winkel}",$M12),"{Extra}",$N12),"{Preis}",$O12),"{Monat}",$P12),"{Ziel}",$Q12),"{Tipp}",$R12),"{Vorschau_Link}",IF($T12="",S_Vorschau_Link,$T12)),"{Absender}",S_Absender),"{Absender_Web}",S_Absender_Web),"{Telefon}",S_Telefon),"{Termin_Vorschlag}",S_Termin_Vorschlag),"{Referenzpreis_Datum}",S_Referenzpreis_Datum) -> Guten Tag, ich bin Jean, Webdesigner und KI-Berater hier in Neunkirchen. Ich habe mir aqua-nk.de auf dem Handy angesehen. Dabei ist mir aufgefallen: Unter aqua-nk.de erscheint derzeit nur eine Standardseite des Hosters, keine Website. Gäste suchen abends auf dem Handy nach Speisekarte, Öffnungszeiten und einem Platz für heute. Deshalb ein Vorschlag: Ich baue Ihnen eine Vorschau Ihrer neuen Startseite, mit Ihren eigenen Texten und Fotos. Das kostet Sie nichts und verpflichtet Sie zu nichts. Ich bringe sie vorbei, Sie schauen sie in Ruhe an. Gefällt sie Ihnen nicht, war es das. Ein kurzes Ja genügt: QR-Code scannen, anrufen oder per WhatsApp schreiben an . Falls Sie danach umsteigen möchten: Eine neue Website kostet bei mir ab 990 €, die Betreuung ab 39 € im Monat. Für Betriebe wie Ihren lohnt sich oft zusätzlich eine Online-Reservierung und eine Seite für Feiern und Gruppen. Viele Grüße aus Neunkirchen Jean P.S. Die Vorschau bleibt auch dann kostenlos, wenn Sie am Ende bei Ihrer jetzigen Seite bleiben. Ihre Anschrift stammt aus Ihrem Impressum bzw. öffentlichen Branchenverzeichnissen. Wenn Sie keine Post mehr von mir möchten, genügt ein kurzer Hinweis. | W12: =SUBSTITUTE(SUBSTITUTE(SUBSTITUTE(SUBSTITUTE(SUBSTITUTE(SUBSTITUTE(SUBSTITUTE(SUBSTITUTE(SUBSTITUTE(SUBSTITUTE(SUBSTITUTE(SUBSTITUTE(SUBSTITUTE(SUBSTITUTE(SUBSTITUTE(SUBSTITUTE(SUBSTITUTE(Vorlagen!$F$5,"{Anrede}",$F12),"{Betrieb}",$B12),"{Domain}",$J12),"{Hook1}",$K12),"{Hook2}",$L12),"{Winkel}",$M12),"{Extra}",$N12),"{Preis}",$O12),"{Monat}",$P12),"{Ziel}",$Q12),"{Tipp}",$R12),"{Vorschau_Link}",IF($T12="",S_Vorschau_Link,$T12)),"{Absender}",S_Absender),"{Absender_Web}",S_Absender_Web),"{Telefon}",S_Telefon),"{Termin_Vorschlag}",S_Termin_Vorschlag),"{Referenzpreis_Datum}",S_Referenzpreis_Datum) -> Guten Tag, danke für die paar Minuten heute. Wie besprochen hier die Vorschau für aqua bar lounge club: Öffnen Sie sie am besten auf dem Handy, so sehen Ihre Kunden die Seite auch. Kurz zusammengefasst: - Heute: Unter aqua-nk.de erscheint derzeit nur eine Standardseite des Hosters, keine Website. - Neu: Alles ist auf das Handy ausgelegt, dazu eine Online-Reservierung und eine Seite für Feiern und Gruppen. - Ihre Inhalte bleiben. Sie müssen nichts neu schreiben. Preis: ab 990 € einmalig, Betreuung ab 39 € im Monat. Die zweite Hälfte zahlen Sie erst nach dem Livegang. Nächster Schritt: 15 Minuten, in denen wir Fotos und zwei, drei Wünsche durchgehen. Passt Ihnen Donnerstag gegen 15 Uhr? Viele Grüße Jean Wenn Sie keine weiteren Nachrichten von mir möchten, genügt eine kurze Antwort. | X12: =SUBSTITUTE(SUBSTITUTE(SUBSTITUTE(SUBSTITUTE(SUBSTITUTE(SUBSTITUTE(SUBSTITUTE(SUBSTITUTE(SUBSTITUTE(SUBSTITUTE(SUBSTITUTE(SUBSTITUTE(SUBSTITUTE(SUBSTITUTE(SUBSTITUTE(SUBSTITUTE(SUBSTITUTE(Vorlagen!$F$7,"{Anrede}",$F12),"{Betrieb}",$B12),"{Domain}",$J12),"{Hook1}",$K12),"{Hook2}",$L12),"{Winkel}",$M12),"{Extra}",$N12),"{Preis}",$O12),"{Monat}",$P12),"{Ziel}",$Q12),"{Tipp}",$R12),"{Vorschau_Link}",IF($T12="",S_Vorschau_Link,$T12)),"{Absender}",S_Absender),"{Absender_Web}",S_Absender_Web),"{Telefon}",S_Telefon),"{Termin_Vorschlag}",S_Termin_Vorschlag),"{Referenzpreis_Datum}",S_Referenzpreis_Datum) -> Guten Tag, kurz nachgefragt: Konnten Sie die Vorschau schon auf dem Handy ansehen? Wenn Sie mögen, setze ich bis Ende der Woche Ihre eigenen Fotos ein. Dann sehen Sie die Seite so, wie sie online gehen würde. Ein kurzes "Ja, machen" genügt. Viele Grüße Jean Wenn Sie keine weiteren Nachrichten von mir möchten, genügt eine kurze Antwort. | Y12: =SUBSTITUTE(SUBSTITUTE(SUBSTITUTE(SUBSTITUTE(SUBSTITUTE(SUBSTITUTE(SUBSTITUTE(SUBSTITUTE(SUBSTITUTE(SUBSTITUTE(SUBSTITUTE(SUBSTITUTE(SUBSTITUTE(SUBSTITUTE(SUBSTITUTE(SUBSTITUTE(SUBSTITUTE(Vorlagen!$F$8,"{Anrede}",$F12),"{Betrieb}",$B12),"{Domain}",$J12),"{Hook1}",$K12),"{Hook2}",$L12),"{Winkel}",$M12),"{Extra}",$N12),"{Preis}",$O12),"{Monat}",$P12),"{Ziel}",$Q12),"{Tipp}",$R12),"{Vorschau_Link}",IF($T12="",S_Vorschau_Link,$T12)),"{Absender}",S_Absender),"{Absender_Web}",S_Absender_Web),"{Telefon}",S_Telefon),"{Termin_Vorschlag}",S_Termin_Vorschlag),"{Referenzpreis_Datum}",S_Referenzpreis_Datum) -> Guten Tag, unabhängig davon, ob wir zusammenarbeiten, hier ein Tipp, der in fünf Minuten erledigt ist: Laden Sie im Google-Unternehmensprofil fünf aktuelle Fotos hoch: ein Gericht, den Gastraum, die Außenansicht, das Team, die Theke. Google empfiehlt selbst, Fotos regelmäßig zu erneuern. Die Vorschau Ihrer neuen Seite liegt weiter für Sie bereit: Bei Fragen rufen Sie mich einfach an: Viele Grüße Jean Wenn Sie keine weiteren Nachrichten von mir möchten, genügt eine kurze Antwort. | Z12: =SUBSTITUTE(SUBSTITUTE(SUBSTITUTE(SUBSTITUTE(SUBSTITUTE(SUBSTITUTE(SUBSTITUTE(SUBSTITUTE(SUBSTITUTE(SUBSTITUTE(SUBSTITUTE(SUBSTITUTE(SUBSTITUTE(SUBSTITUTE(SUBSTITUTE(SUBSTITUTE(SUBSTITUTE(Vorlagen!$F$9,"{Anrede}",$F12),"{Betrieb}",$B12),"{Domain}",$J12),"{Hook1}",$K12),"{Hook2}",$L12),"{Winkel}",$M12),"{Extra}",$N12),"{Preis}",$O12),"{Monat}",$P12),"{Ziel}",$Q12),"{Tipp}",$R12),"{Vorschau_Link}",IF($T12="",S_Vorschau_Link,$T12)),"{Absender}",S_Absender),"{Absender_Web}",S_Absender_Web),"{Telefon}",S_Telefon),"{Termin_Vorschlag}",S_Termin_Vorschlag),"{Referenzpreis_Datum}",S_Referenzpreis_Datum) -> Guten Tag, ich möchte Ihr Postfach nicht füllen, deshalb ist das meine letzte Nachricht dazu. Den Referenzpreis halte ich für Sie bis 30.11.2026. Danach nehme ich die Vorschau aus dem Netz. Eine Ziffer als Antwort genügt mir: 1 = Ja, lassen Sie uns kurz sprechen 2 = Später, melden Sie sich im neuen Jahr 3 = Kein Interesse Danke und viele Grüße Jean | AA12: =SUBSTITUTE(SUBSTITUTE(SUBSTITUTE(SUBSTITUTE(SUBSTITUTE(SUBSTITUTE(SUBSTITUTE(SUBSTITUTE(SUBSTITUTE(SUBSTITUTE(SUBSTITUTE(SUBSTITUTE(SUBSTITUTE(SUBSTITUTE(SUBSTITUTE(SUBSTITUTE(SUBSTITUTE(Vorlagen!$F$10,"{Anrede}",$F12),"{Betrieb}",$B12),"{Domain}",$J12),"{Hook1}",$K12),"{Hook2}",$L12),"{Winkel}",$M12),"{Extra}",$N12),"{Preis}",$O12),"{Monat}",$P12),"{Ziel}",$Q12),"{Tipp}",$R12),"{Vorschau_Link}",IF($T12="",S_Vorschau_Link,$T12)),"{Absender}",S_Absender),"{Absender_Web}",S_Absender_Web),"{Telefon}",S_Telefon),"{Termin_Vorschlag}",S_Termin_Vorschlag),"{Referenzpreis_Datum}",S_Referenzpreis_Datum) -> Hallo, hier ist Jean von vorhin. Hier die Vorschau für aqua bar lounge club, am besten gleich auf dem Handy öffnen: Ich melde mich Donnerstag gegen 15 Uhr kurz wegen der Fotos. Viele Grüße | AD12: offen | AE12: =IF(OR($AC12="",$AD12="Auftrag",$AD12="Abgesagt"),"",IF($AD12="Brief versendet",$AC12+5,IF($AD12="Vorschau gesendet",$AC12+3,IF($AD12="Nachgefasst 1",$AC12+7,IF($AD12="Nachgefasst 2",$AC12+14,""))))) | AG12: 71 | AH12: Umsatzhebel
A13: 12 | B13: Physiotherapie Rutz | C13: 1 | D13: Praxis/Gesundheit | E13: Hermann Rutz | F13: Guten Tag Hermann Rutz, | G13: Max-Braun-Str. 1, 66538 Neunkirchen | H13: 06821 23665 | I13: hermannrutz@t-online.de | J13: krankengymnastik-rutz.de | K13: Ihre Seite ist nicht für Smartphones angepasst. Auf dem Handy erscheint sie stark verkleinert, man muss zoomen, um etwas zu lesen. | L13: Laut Server wurde Ihre Startseite zuletzt 2021 geändert. | M13: Patienten und vor allem Bewerberinnen und Bewerber schauen sich Ihre Praxis zuerst online an. | N13: eine Karriereseite für neue Fachkräfte und eine Terminanfrage | O13: ab 790 € | P13: ab 29 € | Q13: Bewerbungen und Terminanfragen | R13: Veröffentlichen Sie Ihre offene Stelle zusätzlich als Beitrag in Ihrem Google-Unternehmensprofil. Bewerber aus der Umgebung sehen ihn, wenn sie nach Ihrer Praxis suchen. | S13: B2 | U13: =SUBSTITUTE(SUBSTITUTE(SUBSTITUTE(SUBSTITUTE(SUBSTITUTE(SUBSTITUTE(SUBSTITUTE(SUBSTITUTE(SUBSTITUTE(SUBSTITUTE(SUBSTITUTE(SUBSTITUTE(SUBSTITUTE(SUBSTITUTE(SUBSTITUTE(SUBSTITUTE(SUBSTITUTE(INDEX(Vorlagen!$E:$E,MATCH($S13,Vorlagen!$A:$A,0)),"{Anrede}",$F13),"{Betrieb}",$B13),"{Domain}",$J13),"{Hook1}",$K13),"{Hook2}",$L13),"{Winkel}",$M13),"{Extra}",$N13),"{Preis}",$O13),"{Monat}",$P13),"{Ziel}",$Q13),"{Tipp}",$R13),"{Vorschau_Link}",IF($T13="",S_Vorschau_Link,$T13)),"{Absender}",S_Absender),"{Absender_Web}",S_Absender_Web),"{Telefon}",S_Telefon),"{Termin_Vorschlag}",S_Termin_Vorschlag),"{Referenzpreis_Datum}",S_Referenzpreis_Datum) -> Physiotherapie Rutz: so könnte Ihre Website aussehen | V13: =SUBSTITUTE(SUBSTITUTE(SUBSTITUTE(SUBSTITUTE(SUBSTITUTE(SUBSTITUTE(SUBSTITUTE(SUBSTITUTE(SUBSTITUTE(SUBSTITUTE(SUBSTITUTE(SUBSTITUTE(SUBSTITUTE(SUBSTITUTE(SUBSTITUTE(SUBSTITUTE(SUBSTITUTE(INDEX(Vorlagen!$F:$F,MATCH($S13,Vorlagen!$A:$A,0)),"{Anrede}",$F13),"{Betrieb}",$B13),"{Domain}",$J13),"{Hook1}",$K13),"{Hook2}",$L13),"{Winkel}",$M13),"{Extra}",$N13),"{Preis}",$O13),"{Monat}",$P13),"{Ziel}",$Q13),"{Tipp}",$R13),"{Vorschau_Link}",IF($T13="",S_Vorschau_Link,$T13)),"{Absender}",S_Absender),"{Absender_Web}",S_Absender_Web),"{Telefon}",S_Telefon),"{Termin_Vorschlag}",S_Termin_Vorschlag),"{Referenzpreis_Datum}",S_Referenzpreis_Datum) -> Guten Tag Hermann Rutz, ich bin Jean, Webdesigner und KI-Berater hier in Neunkirchen. Ich habe Ihre Startseite einmal neu gestaltet, mit Ihren eigenen Texten und Fotos. Das Ergebnis liegt bei: links Ihre Seite heute, rechts der Entwurf. Warum ich mich melde: Ihre Seite ist nicht für Smartphones angepasst. Auf dem Handy erscheint sie stark verkleinert, man muss zoomen, um etwas zu lesen. Patienten und vor allem Bewerberinnen und Bewerber schauen sich Ihre Praxis zuerst online an. Der Entwurf ist fertig. Ob Sie ihn nutzen, entscheiden Sie. Wenn Sie ihn auf Ihrem Handy sehen möchten, scannen Sie den QR-Code oder schreiben Sie mir per WhatsApp an . Ich komme auch gern für 15 Minuten vorbei. Damit Sie nicht raten müssen: ab 790 € einmalig, Betreuung ab 29 € im Monat. Die zweite Hälfte zahlen Sie erst, wenn die Seite online ist und Ihnen gefällt. Viele Grüße aus Neunkirchen Jean P.S. Laut Server wurde Ihre Startseite zuletzt 2021 geändert. Ihre Anschrift stammt aus Ihrem Impressum bzw. öffentlichen Branchenverzeichnissen. Wenn Sie keine Post mehr von mir möchten, genügt ein kurzer Hinweis. | W13: =SUBSTITUTE(SUBSTITUTE(SUBSTITUTE(SUBSTITUTE(SUBSTITUTE(SUBSTITUTE(SUBSTITUTE(SUBSTITUTE(SUBSTITUTE(SUBSTITUTE(SUBSTITUTE(SUBSTITUTE(SUBSTITUTE(SUBSTITUTE(SUBSTITUTE(SUBSTITUTE(SUBSTITUTE(Vorlagen!$F$5,"{Anrede}",$F13),"{Betrieb}",$B13),"{Domain}",$J13),"{Hook1}",$K13),"{Hook2}",$L13),"{Winkel}",$M13),"{Extra}",$N13),"{Preis}",$O13),"{Monat}",$P13),"{Ziel}",$Q13),"{Tipp}",$R13),"{Vorschau_Link}",IF($T13="",S_Vorschau_Link,$T13)),"{Absender}",S_Absender),"{Absender_Web}",S_Absender_Web),"{Telefon}",S_Telefon),"{Termin_Vorschlag}",S_Termin_Vorschlag),"{Referenzpreis_Datum}",S_Referenzpreis_Datum) -> Guten Tag Hermann Rutz, danke für die paar Minuten heute. Wie besprochen hier die Vorschau für Physiotherapie Rutz: Öffnen Sie sie am besten auf dem Handy, so sehen Ihre Kunden die Seite auch. Kurz zusammengefasst: - Heute: Ihre Seite ist nicht für Smartphones angepasst. Auf dem Handy erscheint sie stark verkleinert, man muss zoomen, um etwas zu lesen. - Neu: Alles ist auf das Handy ausgelegt, dazu eine Karriereseite für neue Fachkräfte und eine Terminanfrage. - Ihre Inhalte bleiben. Sie müssen nichts neu schreiben. Preis: ab 790 € einmalig, Betreuung ab 29 € im Monat. Die zweite Hälfte zahlen Sie erst nach dem Livegang. Nächster Schritt: 15 Minuten, in denen wir Fotos und zwei, drei Wünsche durchgehen. Passt Ihnen Donnerstag gegen 15 Uhr? Viele Grüße Jean Wenn Sie keine weiteren Nachrichten von mir möchten, genügt eine kurze Antwort. | X13: =SUBSTITUTE(SUBSTITUTE(SUBSTITUTE(SUBSTITUTE(SUBSTITUTE(SUBSTITUTE(SUBSTITUTE(SUBSTITUTE(SUBSTITUTE(SUBSTITUTE(SUBSTITUTE(SUBSTITUTE(SUBSTITUTE(SUBSTITUTE(SUBSTITUTE(SUBSTITUTE(SUBSTITUTE(Vorlagen!$F$7,"{Anrede}",$F13),"{Betrieb}",$B13),"{Domain}",$J13),"{Hook1}",$K13),"{Hook2}",$L13),"{Winkel}",$M13),"{Extra}",$N13),"{Preis}",$O13),"{Monat}",$P13),"{Ziel}",$Q13),"{Tipp}",$R13),"{Vorschau_Link}",IF($T13="",S_Vorschau_Link,$T13)),"{Absender}",S_Absender),"{Absender_Web}",S_Absender_Web),"{Telefon}",S_Telefon),"{Termin_Vorschlag}",S_Termin_Vorschlag),"{Referenzpreis_Datum}",S_Referenzpreis_Datum) -> Guten Tag Hermann Rutz, kurz nachgefragt: Konnten Sie die Vorschau schon auf dem Handy ansehen? Wenn Sie mögen, setze ich bis Ende der Woche Ihre eigenen Fotos ein. Dann sehen Sie die Seite so, wie sie online gehen würde. Ein kurzes "Ja, machen" genügt. Viele Grüße Jean Wenn Sie keine weiteren Nachrichten von mir möchten, genügt eine kurze Antwort. | Y13: =SUBSTITUTE(SUBSTITUTE(SUBSTITUTE(SUBSTITUTE(SUBSTITUTE(SUBSTITUTE(SUBSTITUTE(SUBSTITUTE(SUBSTITUTE(SUBSTITUTE(SUBSTITUTE(SUBSTITUTE(SUBSTITUTE(SUBSTITUTE(SUBSTITUTE(SUBSTITUTE(SUBSTITUTE(Vorlagen!$F$8,"{Anrede}",$F13),"{Betrieb}",$B13),"{Domain}",$J13),"{Hook1}",$K13),"{Hook2}",$L13),"{Winkel}",$M13),"{Extra}",$N13),"{Preis}",$O13),"{Monat}",$P13),"{Ziel}",$Q13),"{Tipp}",$R13),"{Vorschau_Link}",IF($T13="",S_Vorschau_Link,$T13)),"{Absender}",S_Absender),"{Absender_Web}",S_Absender_Web),"{Telefon}",S_Telefon),"{Termin_Vorschlag}",S_Termin_Vorschlag),"{Referenzpreis_Datum}",S_Referenzpreis_Datum) -> Guten Tag Hermann Rutz, unabhängig davon, ob wir zusammenarbeiten, hier ein Tipp, der in fünf Minuten erledigt ist: Veröffentlichen Sie Ihre offene Stelle zusätzlich als Beitrag in Ihrem Google-Unternehmensprofil. Bewerber aus der Umgebung sehen ihn, wenn sie nach Ihrer Praxis suchen. Die Vorschau Ihrer neuen Seite liegt weiter für Sie bereit: Bei Fragen rufen Sie mich einfach an: Viele Grüße Jean Wenn Sie keine weiteren Nachrichten von mir möchten, genügt eine kurze Antwort. | Z13: =SUBSTITUTE(SUBSTITUTE(SUBSTITUTE(SUBSTITUTE(SUBSTITUTE(SUBSTITUTE(SUBSTITUTE(SUBSTITUTE(SUBSTITUTE(SUBSTITUTE(SUBSTITUTE(SUBSTITUTE(SUBSTITUTE(SUBSTITUTE(SUBSTITUTE(SUBSTITUTE(SUBSTITUTE(Vorlagen!$F$9,"{Anrede}",$F13),"{Betrieb}",$B13),"{Domain}",$J13),"{Hook1}",$K13),"{Hook2}",$L13),"{Winkel}",$M13),"{Extra}",$N13),"{Preis}",$O13),"{Monat}",$P13),"{Ziel}",$Q13),"{Tipp}",$R13),"{Vorschau_Link}",IF($T13="",S_Vorschau_Link,$T13)),"{Absender}",S_Absender),"{Absender_Web}",S_Absender_Web),"{Telefon}",S_Telefon),"{Termin_Vorschlag}",S_Termin_Vorschlag),"{Referenzpreis_Datum}",S_Referenzpreis_Datum) -> Guten Tag Hermann Rutz, ich möchte Ihr Postfach nicht füllen, deshalb ist das meine letzte Nachricht dazu. Den Referenzpreis halte ich für Sie bis 30.11.2026. Danach nehme ich die Vorschau aus dem Netz. Eine Ziffer als Antwort genügt mir: 1 = Ja, lassen Sie uns kurz sprechen 2 = Später, melden Sie sich im neuen Jahr 3 = Kein Interesse Danke und viele Grüße Jean | AA13: =SUBSTITUTE(SUBSTITUTE(SUBSTITUTE(SUBSTITUTE(SUBSTITUTE(SUBSTITUTE(SUBSTITUTE(SUBSTITUTE(SUBSTITUTE(SUBSTITUTE(SUBSTITUTE(SUBSTITUTE(SUBSTITUTE(SUBSTITUTE(SUBSTITUTE(SUBSTITUTE(SUBSTITUTE(Vorlagen!$F$10,"{Anrede}",$F13),"{Betrieb}",$B13),"{Domain}",$J13),"{Hook1}",$K13),"{Hook2}",$L13),"{Winkel}",$M13),"{Extra}",$N13),"{Preis}",$O13),"{Monat}",$P13),"{Ziel}",$Q13),"{Tipp}",$R13),"{Vorschau_Link}",IF($T13="",S_Vorschau_Link,$T13)),"{Absender}",S_Absender),"{Absender_Web}",S_Absender_Web),"{Telefon}",S_Telefon),"{Termin_Vorschlag}",S_Termin_Vorschlag),"{Referenzpreis_Datum}",S_Referenzpreis_Datum) -> Hallo, hier ist Jean von vorhin. Hier die Vorschau für Physiotherapie Rutz, am besten gleich auf dem Handy öffnen: Ich melde mich Donnerstag gegen 15 Uhr kurz wegen der Fotos. Viele Grüße | AD13: offen | AE13: =IF(OR($AC13="",$AD13="Auftrag",$AD13="Abgesagt"),"",IF($AD13="Brief versendet",$AC13+5,IF($AD13="Vorschau gesendet",$AC13+3,IF($AD13="Nachgefasst 1",$AC13+7,IF($AD13="Nachgefasst 2",$AC13+14,""))))) | AG13: 71 | AH13: Solide Chance
A14: 13 | B14: Fotostudio Barbara Schreiner | C14: 1 | D14: Handel/Dienstleistung | F14: Guten Tag, | G14: Lantertalweg 2, 66539 Neunkirchen | H14: 06821 39 93 | J14: fotostudio-schreiner.de | K14: Unter Ihrer Domain erscheint derzeit die Werbeseite eines Online-Casinos, nicht Ihr Fotostudio. | L14: Sie haben 55 Google-Bewertungen mit 4,5 Sternen. Auf Ihrer Website sieht man davon nichts. | M14: Kunden prüfen vor dem Weg in die Stadt kurz auf dem Handy, ob Sie haben, was sie suchen. | N14: eine Sortiments- und Aktionsseite, die Sie selbst pflegen | O14: ab 690 € | P14: ab 29 € | Q14: mehr Laufkundschaft | R14: Tragen Sie Ihre Samstags- und Feiertagszeiten im Google-Profil ein und laden Sie drei aktuelle Fotos vom Schaufenster hoch. | S14: B1 | U14: =SUBSTITUTE(SUBSTITUTE(SUBSTITUTE(SUBSTITUTE(SUBSTITUTE(SUBSTITUTE(SUBSTITUTE(SUBSTITUTE(SUBSTITUTE(SUBSTITUTE(SUBSTITUTE(SUBSTITUTE(SUBSTITUTE(SUBSTITUTE(SUBSTITUTE(SUBSTITUTE(SUBSTITUTE(INDEX(Vorlagen!$E:$E,MATCH($S14,Vorlagen!$A:$A,0)),"{Anrede}",$F14),"{Betrieb}",$B14),"{Domain}",$J14),"{Hook1}",$K14),"{Hook2}",$L14),"{Winkel}",$M14),"{Extra}",$N14),"{Preis}",$O14),"{Monat}",$P14),"{Ziel}",$Q14),"{Tipp}",$R14),"{Vorschau_Link}",IF($T14="",S_Vorschau_Link,$T14)),"{Absender}",S_Absender),"{Absender_Web}",S_Absender_Web),"{Telefon}",S_Telefon),"{Termin_Vorschlag}",S_Termin_Vorschlag),"{Referenzpreis_Datum}",S_Referenzpreis_Datum) -> Fotostudio Barbara Schreiner: Ihre Website auf dem Handy | V14: =SUBSTITUTE(SUBSTITUTE(SUBSTITUTE(SUBSTITUTE(SUBSTITUTE(SUBSTITUTE(SUBSTITUTE(SUBSTITUTE(SUBSTITUTE(SUBSTITUTE(SUBSTITUTE(SUBSTITUTE(SUBSTITUTE(SUBSTITUTE(SUBSTITUTE(SUBSTITUTE(SUBSTITUTE(INDEX(Vorlagen!$F:$F,MATCH($S14,Vorlagen!$A:$A,0)),"{Anrede}",$F14),"{Betrieb}",$B14),"{Domain}",$J14),"{Hook1}",$K14),"{Hook2}",$L14),"{Winkel}",$M14),"{Extra}",$N14),"{Preis}",$O14),"{Monat}",$P14),"{Ziel}",$Q14),"{Tipp}",$R14),"{Vorschau_Link}",IF($T14="",S_Vorschau_Link,$T14)),"{Absender}",S_Absender),"{Absender_Web}",S_Absender_Web),"{Telefon}",S_Telefon),"{Termin_Vorschlag}",S_Termin_Vorschlag),"{Referenzpreis_Datum}",S_Referenzpreis_Datum) -> Guten Tag, ich bin Jean, Webdesigner und KI-Berater hier in Neunkirchen. Ich habe mir fotostudio-schreiner.de auf dem Handy angesehen. Dabei ist mir aufgefallen: Unter Ihrer Domain erscheint derzeit die Werbeseite eines Online-Casinos, nicht Ihr Fotostudio. Kunden prüfen vor dem Weg in die Stadt kurz auf dem Handy, ob Sie haben, was sie suchen. Deshalb ein Vorschlag: Ich baue Ihnen eine Vorschau Ihrer neuen Startseite, mit Ihren eigenen Texten und Fotos. Das kostet Sie nichts und verpflichtet Sie zu nichts. Ich bringe sie vorbei, Sie schauen sie in Ruhe an. Gefällt sie Ihnen nicht, war es das. Ein kurzes Ja genügt: QR-Code scannen, anrufen oder per WhatsApp schreiben an . Falls Sie danach umsteigen möchten: Eine neue Website kostet bei mir ab 690 €, die Betreuung ab 29 € im Monat. Für Betriebe wie Ihren lohnt sich oft zusätzlich eine Sortiments- und Aktionsseite, die Sie selbst pflegen. Viele Grüße aus Neunkirchen Jean P.S. Sie haben 55 Google-Bewertungen mit 4,5 Sternen. Auf Ihrer Website sieht man davon nichts. Ihre Anschrift stammt aus Ihrem Impressum bzw. öffentlichen Branchenverzeichnissen. Wenn Sie keine Post mehr von mir möchten, genügt ein kurzer Hinweis. | W14: =SUBSTITUTE(SUBSTITUTE(SUBSTITUTE(SUBSTITUTE(SUBSTITUTE(SUBSTITUTE(SUBSTITUTE(SUBSTITUTE(SUBSTITUTE(SUBSTITUTE(SUBSTITUTE(SUBSTITUTE(SUBSTITUTE(SUBSTITUTE(SUBSTITUTE(SUBSTITUTE(SUBSTITUTE(Vorlagen!$F$5,"{Anrede}",$F14),"{Betrieb}",$B14),"{Domain}",$J14),"{Hook1}",$K14),"{Hook2}",$L14),"{Winkel}",$M14),"{Extra}",$N14),"{Preis}",$O14),"{Monat}",$P14),"{Ziel}",$Q14),"{Tipp}",$R14),"{Vorschau_Link}",IF($T14="",S_Vorschau_Link,$T14)),"{Absender}",S_Absender),"{Absender_Web}",S_Absender_Web),"{Telefon}",S_Telefon),"{Termin_Vorschlag}",S_Termin_Vorschlag),"{Referenzpreis_Datum}",S_Referenzpreis_Datum) -> Guten Tag, danke für die paar Minuten heute. Wie besprochen hier die Vorschau für Fotostudio Barbara Schreiner: Öffnen Sie sie am besten auf dem Handy, so sehen Ihre Kunden die Seite auch. Kurz zusammengefasst: - Heute: Unter Ihrer Domain erscheint derzeit die Werbeseite eines Online-Casinos, nicht Ihr Fotostudio. - Neu: Alles ist auf das Handy ausgelegt, dazu eine Sortiments- und Aktionsseite, die Sie selbst pflegen. - Ihre Inhalte bleiben. Sie müssen nichts neu schreiben. Preis: ab 690 € einmalig, Betreuung ab 29 € im Monat. Die zweite Hälfte zahlen Sie erst nach dem Livegang. Nächster Schritt: 15 Minuten, in denen wir Fotos und zwei, drei Wünsche durchgehen. Passt Ihnen Donnerstag gegen 15 Uhr? Viele Grüße Jean Wenn Sie keine weiteren Nachrichten von mir möchten, genügt eine kurze Antwort. | X14: =SUBSTITUTE(SUBSTITUTE(SUBSTITUTE(SUBSTITUTE(SUBSTITUTE(SUBSTITUTE(SUBSTITUTE(SUBSTITUTE(SUBSTITUTE(SUBSTITUTE(SUBSTITUTE(SUBSTITUTE(SUBSTITUTE(SUBSTITUTE(SUBSTITUTE(SUBSTITUTE(SUBSTITUTE(Vorlagen!$F$7,"{Anrede}",$F14),"{Betrieb}",$B14),"{Domain}",$J14),"{Hook1}",$K14),"{Hook2}",$L14),"{Winkel}",$M14),"{Extra}",$N14),"{Preis}",$O14),"{Monat}",$P14),"{Ziel}",$Q14),"{Tipp}",$R14),"{Vorschau_Link}",IF($T14="",S_Vorschau_Link,$T14)),"{Absender}",S_Absender),"{Absender_Web}",S_Absender_Web),"{Telefon}",S_Telefon),"{Termin_Vorschlag}",S_Termin_Vorschlag),"{Referenzpreis_Datum}",S_Referenzpreis_Datum) -> Guten Tag, kurz nachgefragt: Konnten Sie die Vorschau schon auf dem Handy ansehen? Wenn Sie mögen, setze ich bis Ende der Woche Ihre eigenen Fotos ein. Dann sehen Sie die Seite so, wie sie online gehen würde. Ein kurzes "Ja, machen" genügt. Viele Grüße Jean Wenn Sie keine weiteren Nachrichten von mir möchten, genügt eine kurze Antwort. | Y14: =SUBSTITUTE(SUBSTITUTE(SUBSTITUTE(SUBSTITUTE(SUBSTITUTE(SUBSTITUTE(SUBSTITUTE(SUBSTITUTE(SUBSTITUTE(SUBSTITUTE(SUBSTITUTE(SUBSTITUTE(SUBSTITUTE(SUBSTITUTE(SUBSTITUTE(SUBSTITUTE(SUBSTITUTE(Vorlagen!$F$8,"{Anrede}",$F14),"{Betrieb}",$B14),"{Domain}",$J14),"{Hook1}",$K14),"{Hook2}",$L14),"{Winkel}",$M14),"{Extra}",$N14),"{Preis}",$O14),"{Monat}",$P14),"{Ziel}",$Q14),"{Tipp}",$R14),"{Vorschau_Link}",IF($T14="",S_Vorschau_Link,$T14)),"{Absender}",S_Absender),"{Absender_Web}",S_Absender_Web),"{Telefon}",S_Telefon),"{Termin_Vorschlag}",S_Termin_Vorschlag),"{Referenzpreis_Datum}",S_Referenzpreis_Datum) -> Guten Tag, unabhängig davon, ob wir zusammenarbeiten, hier ein Tipp, der in fünf Minuten erledigt ist: Tragen Sie Ihre Samstags- und Feiertagszeiten im Google-Profil ein und laden Sie drei aktuelle Fotos vom Schaufenster hoch. Die Vorschau Ihrer neuen Seite liegt weiter für Sie bereit: Bei Fragen rufen Sie mich einfach an: Viele Grüße Jean Wenn Sie keine weiteren Nachrichten von mir möchten, genügt eine kurze Antwort. | Z14: =SUBSTITUTE(SUBSTITUTE(SUBSTITUTE(SUBSTITUTE(SUBSTITUTE(SUBSTITUTE(SUBSTITUTE(SUBSTITUTE(SUBSTITUTE(SUBSTITUTE(SUBSTITUTE(SUBSTITUTE(SUBSTITUTE(SUBSTITUTE(SUBSTITUTE(SUBSTITUTE(SUBSTITUTE(Vorlagen!$F$9,"{Anrede}",$F14),"{Betrieb}",$B14),"{Domain}",$J14),"{Hook1}",$K14),"{Hook2}",$L14),"{Winkel}",$M14),"{Extra}",$N14),"{Preis}",$O14),"{Monat}",$P14),"{Ziel}",$Q14),"{Tipp}",$R14),"{Vorschau_Link}",IF($T14="",S_Vorschau_Link,$T14)),"{Absender}",S_Absender),"{Absender_Web}",S_Absender_Web),"{Telefon}",S_Telefon),"{Termin_Vorschlag}",S_Termin_Vorschlag),"{Referenzpreis_Datum}",S_Referenzpreis_Datum) -> Guten Tag, ich möchte Ihr Postfach nicht füllen, deshalb ist das meine letzte Nachricht dazu. Den Referenzpreis halte ich für Sie bis 30.11.2026. Danach nehme ich die Vorschau aus dem Netz. Eine Ziffer als Antwort genügt mir: 1 = Ja, lassen Sie uns kurz sprechen 2 = Später, melden Sie sich im neuen Jahr 3 = Kein Interesse Danke und viele Grüße Jean | AA14: =SUBSTITUTE(SUBSTITUTE(SUBSTITUTE(SUBSTITUTE(SUBSTITUTE(SUBSTITUTE(SUBSTITUTE(SUBSTITUTE(SUBSTITUTE(SUBSTITUTE(SUBSTITUTE(SUBSTITUTE(SUBSTITUTE(SUBSTITUTE(SUBSTITUTE(SUBSTITUTE(SUBSTITUTE(Vorlagen!$F$10,"{Anrede}",$F14),"{Betrieb}",$B14),"{Domain}",$J14),"{Hook1}",$K14),"{Hook2}",$L14),"{Winkel}",$M14),"{Extra}",$N14),"{Preis}",$O14),"{Monat}",$P14),"{Ziel}",$Q14),"{Tipp}",$R14),"{Vorschau_Link}",IF($T14="",S_Vorschau_Link,$T14)),"{Absender}",S_Absender),"{Absender_Web}",S_Absender_Web),"{Telefon}",S_Telefon),"{Termin_Vorschlag}",S_Termin_Vorschlag),"{Referenzpreis_Datum}",S_Referenzpreis_Datum) -> Hallo, hier ist Jean von vorhin. Hier die Vorschau für Fotostudio Barbara Schreiner, am besten gleich auf dem Handy öffnen: Ich melde mich Donnerstag gegen 15 Uhr kurz wegen der Fotos. Viele Grüße | AD14: offen | AE14: =IF(OR($AC14="",$AD14="Auftrag",$AD14="Abgesagt"),"",IF($AD14="Brief versendet",$AC14+5,IF($AD14="Vorschau gesendet",$AC14+3,IF($AD14="Nachgefasst 1",$AC14+7,IF($AD14="Nachgefasst 2",$AC14+14,""))))) | AG14: 71 | AH14: Quick Win
A15: 14 | B15: Aktiv Gesundheitspark | C15: 1 | D15: Handel/Dienstleistung | F15: Guten Tag, | G15: Vogelstr. 4, 66538 Neunkirchen | H15: 06821 91 96 62 | J15: aktiv-gesundheitspark.de | K15: Unter Ihrer Domain erscheint derzeit eine Verkaufsseite für die Domain, nicht Ihr Betrieb. | L15: Die Vorschau bleibt auch dann kostenlos, wenn Sie am Ende bei Ihrer jetzigen Seite bleiben. | M15: Kunden prüfen vor dem Weg in die Stadt kurz auf dem Handy, ob Sie haben, was sie suchen. | N15: eine Sortiments- und Aktionsseite, die Sie selbst pflegen | O15: ab 690 € | P15: ab 29 € | Q15: mehr Laufkundschaft | R15: Tragen Sie Ihre Samstags- und Feiertagszeiten im Google-Profil ein und laden Sie drei aktuelle Fotos vom Schaufenster hoch. | S15: B1 | U15: =SUBSTITUTE(SUBSTITUTE(SUBSTITUTE(SUBSTITUTE(SUBSTITUTE(SUBSTITUTE(SUBSTITUTE(SUBSTITUTE(SUBSTITUTE(SUBSTITUTE(SUBSTITUTE(SUBSTITUTE(SUBSTITUTE(SUBSTITUTE(SUBSTITUTE(SUBSTITUTE(SUBSTITUTE(INDEX(Vorlagen!$E:$E,MATCH($S15,Vorlagen!$A:$A,0)),"{Anrede}",$F15),"{Betrieb}",$B15),"{Domain}",$J15),"{Hook1}",$K15),"{Hook2}",$L15),"{Winkel}",$M15),"{Extra}",$N15),"{Preis}",$O15),"{Monat}",$P15),"{Ziel}",$Q15),"{Tipp}",$R15),"{Vorschau_Link}",IF($T15="",S_Vorschau_Link,$T15)),"{Absender}",S_Absender),"{Absender_Web}",S_Absender_Web),"{Telefon}",S_Telefon),"{Termin_Vorschlag}",S_Termin_Vorschlag),"{Referenzpreis_Datum}",S_Referenzpreis_Datum) -> Aktiv Gesundheitspark: Ihre Website auf dem Handy | V15: =SUBSTITUTE(SUBSTITUTE(SUBSTITUTE(SUBSTITUTE(SUBSTITUTE(SUBSTITUTE(SUBSTITUTE(SUBSTITUTE(SUBSTITUTE(SUBSTITUTE(SUBSTITUTE(SUBSTITUTE(SUBSTITUTE(SUBSTITUTE(SUBSTITUTE(SUBSTITUTE(SUBSTITUTE(INDEX(Vorlagen!$F:$F,MATCH($S15,Vorlagen!$A:$A,0)),"{Anrede}",$F15),"{Betrieb}",$B15),"{Domain}",$J15),"{Hook1}",$K15),"{Hook2}",$L15),"{Winkel}",$M15),"{Extra}",$N15),"{Preis}",$O15),"{Monat}",$P15),"{Ziel}",$Q15),"{Tipp}",$R15),"{Vorschau_Link}",IF($T15="",S_Vorschau_Link,$T15)),"{Absender}",S_Absender),"{Absender_Web}",S_Absender_Web),"{Telefon}",S_Telefon),"{Termin_Vorschlag}",S_Termin_Vorschlag),"{Referenzpreis_Datum}",S_Referenzpreis_Datum) -> Guten Tag, ich bin Jean, Webdesigner und KI-Berater hier in Neunkirchen. Ich habe mir aktiv-gesundheitspark.de auf dem Handy angesehen. Dabei ist mir aufgefallen: Unter Ihrer Domain erscheint derzeit eine Verkaufsseite für die Domain, nicht Ihr Betrieb. Kunden prüfen vor dem Weg in die Stadt kurz auf dem Handy, ob Sie haben, was sie suchen. Deshalb ein Vorschlag: Ich baue Ihnen eine Vorschau Ihrer neuen Startseite, mit Ihren eigenen Texten und Fotos. Das kostet Sie nichts und verpflichtet Sie zu nichts. Ich bringe sie vorbei, Sie schauen sie in Ruhe an. Gefällt sie Ihnen nicht, war es das. Ein kurzes Ja genügt: QR-Code scannen, anrufen oder per WhatsApp schreiben an . Falls Sie danach umsteigen möchten: Eine neue Website kostet bei mir ab 690 €, die Betreuung ab 29 € im Monat. Für Betriebe wie Ihren lohnt sich oft zusätzlich eine Sortiments- und Aktionsseite, die Sie selbst pflegen. Viele Grüße aus Neunkirchen Jean P.S. Die Vorschau bleibt auch dann kostenlos, wenn Sie am Ende bei Ihrer jetzigen Seite bleiben. Ihre Anschrift stammt aus Ihrem Impressum bzw. öffentlichen Branchenverzeichnissen. Wenn Sie keine Post mehr von mir möchten, genügt ein kurzer Hinweis. | W15: =SUBSTITUTE(SUBSTITUTE(SUBSTITUTE(SUBSTITUTE(SUBSTITUTE(SUBSTITUTE(SUBSTITUTE(SUBSTITUTE(SUBSTITUTE(SUBSTITUTE(SUBSTITUTE(SUBSTITUTE(SUBSTITUTE(SUBSTITUTE(SUBSTITUTE(SUBSTITUTE(SUBSTITUTE(Vorlagen!$F$5,"{Anrede}",$F15),"{Betrieb}",$B15),"{Domain}",$J15),"{Hook1}",$K15),"{Hook2}",$L15),"{Winkel}",$M15),"{Extra}",$N15),"{Preis}",$O15),"{Monat}",$P15),"{Ziel}",$Q15),"{Tipp}",$R15),"{Vorschau_Link}",IF($T15="",S_Vorschau_Link,$T15)),"{Absender}",S_Absender),"{Absender_Web}",S_Absender_Web),"{Telefon}",S_Telefon),"{Termin_Vorschlag}",S_Termin_Vorschlag),"{Referenzpreis_Datum}",S_Referenzpreis_Datum) -> Guten Tag, danke für die paar Minuten heute. Wie besprochen hier die Vorschau für Aktiv Gesundheitspark: Öffnen Sie sie am besten auf dem Handy, so sehen Ihre Kunden die Seite auch. Kurz zusammengefasst: - Heute: Unter Ihrer Domain erscheint derzeit eine Verkaufsseite für die Domain, nicht Ihr Betrieb. - Neu: Alles ist auf das Handy ausgelegt, dazu eine Sortiments- und Aktionsseite, die Sie selbst pflegen. - Ihre Inhalte bleiben. Sie müssen nichts neu schreiben. Preis: ab 690 € einmalig, Betreuung ab 29 € im Monat. Die zweite Hälfte zahlen Sie erst nach dem Livegang. Nächster Schritt: 15 Minuten, in denen wir Fotos und zwei, drei Wünsche durchgehen. Passt Ihnen Donnerstag gegen 15 Uhr? Viele Grüße Jean Wenn Sie keine weiteren Nachrichten von mir möchten, genügt eine kurze Antwort. | X15: =SUBSTITUTE(SUBSTITUTE(SUBSTITUTE(SUBSTITUTE(SUBSTITUTE(SUBSTITUTE(SUBSTITUTE(SUBSTITUTE(SUBSTITUTE(SUBSTITUTE(SUBSTITUTE(SUBSTITUTE(SUBSTITUTE(SUBSTITUTE(SUBSTITUTE(SUBSTITUTE(SUBSTITUTE(Vorlagen!$F$7,"{Anrede}",$F15),"{Betrieb}",$B15),"{Domain}",$J15),"{Hook1}",$K15),"{Hook2}",$L15),"{Winkel}",$M15),"{Extra}",$N15),"{Preis}",$O15),"{Monat}",$P15),"{Ziel}",$Q15),"{Tipp}",$R15),"{Vorschau_Link}",IF($T15="",S_Vorschau_Link,$T15)),"{Absender}",S_Absender),"{Absender_Web}",S_Absender_Web),"{Telefon}",S_Telefon),"{Termin_Vorschlag}",S_Termin_Vorschlag),"{Referenzpreis_Datum}",S_Referenzpreis_Datum) -> Guten Tag, kurz nachgefragt: Konnten Sie die Vorschau schon auf dem Handy ansehen? Wenn Sie mögen, setze ich bis Ende der Woche Ihre eigenen Fotos ein. Dann sehen Sie die Seite so, wie sie online gehen würde. Ein kurzes "Ja, machen" genügt. Viele Grüße Jean Wenn Sie keine weiteren Nachrichten von mir möchten, genügt eine kurze Antwort. | Y15: =SUBSTITUTE(SUBSTITUTE(SUBSTITUTE(SUBSTITUTE(SUBSTITUTE(SUBSTITUTE(SUBSTITUTE(SUBSTITUTE(SUBSTITUTE(SUBSTITUTE(SUBSTITUTE(SUBSTITUTE(SUBSTITUTE(SUBSTITUTE(SUBSTITUTE(SUBSTITUTE(SUBSTITUTE(Vorlagen!$F$8,"{Anrede}",$F15),"{Betrieb}",$B15),"{Domain}",$J15),"{Hook1}",$K15),"{Hook2}",$L15),"{Winkel}",$M15),"{Extra}",$N15),"{Preis}",$O15),"{Monat}",$P15),"{Ziel}",$Q15),"{Tipp}",$R15),"{Vorschau_Link}",IF($T15="",S_Vorschau_Link,$T15)),"{Absender}",S_Absender),"{Absender_Web}",S_Absender_Web),"{Telefon}",S_Telefon),"{Termin_Vorschlag}",S_Termin_Vorschlag),"{Referenzpreis_Datum}",S_Referenzpreis_Datum) -> Guten Tag, unabhängig davon, ob wir zusammenarbeiten, hier ein Tipp, der in fünf Minuten erledigt ist: Tragen Sie Ihre Samstags- und Feiertagszeiten im Google-Profil ein und laden Sie drei aktuelle Fotos vom Schaufenster hoch. Die Vorschau Ihrer neuen Seite liegt weiter für Sie bereit: Bei Fragen rufen Sie mich einfach an: Viele Grüße Jean Wenn Sie keine weiteren Nachrichten von mir möchten, genügt eine kurze Antwort. | Z15: =SUBSTITUTE(SUBSTITUTE(SUBSTITUTE(SUBSTITUTE(SUBSTITUTE(SUBSTITUTE(SUBSTITUTE(SUBSTITUTE(SUBSTITUTE(SUBSTITUTE(SUBSTITUTE(SUBSTITUTE(SUBSTITUTE(SUBSTITUTE(SUBSTITUTE(SUBSTITUTE(SUBSTITUTE(Vorlagen!$F$9,"{Anrede}",$F15),"{Betrieb}",$B15),"{Domain}",$J15),"{Hook1}",$K15),"{Hook2}",$L15),"{Winkel}",$M15),"{Extra}",$N15),"{Preis}",$O15),"{Monat}",$P15),"{Ziel}",$Q15),"{Tipp}",$R15),"{Vorschau_Link}",IF($T15="",S_Vorschau_Link,$T15)),"{Absender}",S_Absender),"{Absender_Web}",S_Absender_Web),"{Telefon}",S_Telefon),"{Termin_Vorschlag}",S_Termin_Vorschlag),"{Referenzpreis_Datum}",S_Referenzpreis_Datum) -> Guten Tag, ich möchte Ihr Postfach nicht füllen, deshalb ist das meine letzte Nachricht dazu. Den Referenzpreis halte ich für Sie bis 30.11.2026. Danach nehme ich die Vorschau aus dem Netz. Eine Ziffer als Antwort genügt mir: 1 = Ja, lassen Sie uns kurz sprechen 2 = Später, melden Sie sich im neuen Jahr 3 = Kein Interesse Danke und viele Grüße Jean | AA15: =SUBSTITUTE(SUBSTITUTE(SUBSTITUTE(SUBSTITUTE(SUBSTITUTE(SUBSTITUTE(SUBSTITUTE(SUBSTITUTE(SUBSTITUTE(SUBSTITUTE(SUBSTITUTE(SUBSTITUTE(SUBSTITUTE(SUBSTITUTE(SUBSTITUTE(SUBSTITUTE(SUBSTITUTE(Vorlagen!$F$10,"{Anrede}",$F15),"{Betrieb}",$B15),"{Domain}",$J15),"{Hook1}",$K15),"{Hook2}",$L15),"{Winkel}",$M15),"{Extra}",$N15),"{Preis}",$O15),"{Monat}",$P15),"{Ziel}",$Q15),"{Tipp}",$R15),"{Vorschau_Link}",IF($T15="",S_Vorschau_Link,$T15)),"{Absender}",S_Absender),"{Absender_Web}",S_Absender_Web),"{Telefon}",S_Telefon),"{Termin_Vorschlag}",S_Termin_Vorschlag),"{Referenzpreis_Datum}",S_Referenzpreis_Datum) -> Hallo, hier ist Jean von vorhin. Hier die Vorschau für Aktiv Gesundheitspark, am besten gleich auf dem Handy öffnen: Ich melde mich Donnerstag gegen 15 Uhr kurz wegen der Fotos. Viele Grüße | AD15: offen | AE15: =IF(OR($AC15="",$AD15="Auftrag",$AD15="Abgesagt"),"",IF($AD15="Brief versendet",$AC15+5,IF($AD15="Vorschau gesendet",$AC15+3,IF($AD15="Nachgefasst 1",$AC15+7,IF($AD15="Nachgefasst 2",$AC15+14,""))))) | AG15: 70 | AH15: Quick Win
A16: 15 | B16: Schlosserei Heil | C16: 1 | D16: Handwerk/Bau | E16: Bernd Heil | F16: Guten Tag Bernd Heil, | G16: Eichendorffstr. 4, 66540 Neunkirchen | H16: 06821 5 13 62 | I16: info@schlosserei-heil.de | J16: schlosserei-heil.de | K16: Ihre Seite ist nicht für Smartphones angepasst. Auf dem Handy erscheint sie stark verkleinert, man muss zoomen, um etwas zu lesen. | L16: Die Vorschau bleibt auch dann kostenlos, wenn Sie am Ende bei Ihrer jetzigen Seite bleiben. | M16: Aufträge und vor allem Azubis und Gesellen finden Sie heute über eine Seite, die auf dem Handy überzeugt. | N16: eine Karriereseite und ein Anfrageformular mit Foto-Upload | O16: ab 790 € | P16: ab 29 € | Q16: Anfragen und Bewerbungen | R16: Laden Sie Vorher-Nachher-Fotos von drei aktuellen Aufträgen in Ihr Google-Profil. Nichts überzeugt neue Kunden schneller. | S16: B1 | U16: =SUBSTITUTE(SUBSTITUTE(SUBSTITUTE(SUBSTITUTE(SUBSTITUTE(SUBSTITUTE(SUBSTITUTE(SUBSTITUTE(SUBSTITUTE(SUBSTITUTE(SUBSTITUTE(SUBSTITUTE(SUBSTITUTE(SUBSTITUTE(SUBSTITUTE(SUBSTITUTE(SUBSTITUTE(INDEX(Vorlagen!$E:$E,MATCH($S16,Vorlagen!$A:$A,0)),"{Anrede}",$F16),"{Betrieb}",$B16),"{Domain}",$J16),"{Hook1}",$K16),"{Hook2}",$L16),"{Winkel}",$M16),"{Extra}",$N16),"{Preis}",$O16),"{Monat}",$P16),"{Ziel}",$Q16),"{Tipp}",$R16),"{Vorschau_Link}",IF($T16="",S_Vorschau_Link,$T16)),"{Absender}",S_Absender),"{Absender_Web}",S_Absender_Web),"{Telefon}",S_Telefon),"{Termin_Vorschlag}",S_Termin_Vorschlag),"{Referenzpreis_Datum}",S_Referenzpreis_Datum) -> Schlosserei Heil: Ihre Website auf dem Handy | V16: =SUBSTITUTE(SUBSTITUTE(SUBSTITUTE(SUBSTITUTE(SUBSTITUTE(SUBSTITUTE(SUBSTITUTE(SUBSTITUTE(SUBSTITUTE(SUBSTITUTE(SUBSTITUTE(SUBSTITUTE(SUBSTITUTE(SUBSTITUTE(SUBSTITUTE(SUBSTITUTE(SUBSTITUTE(INDEX(Vorlagen!$F:$F,MATCH($S16,Vorlagen!$A:$A,0)),"{Anrede}",$F16),"{Betrieb}",$B16),"{Domain}",$J16),"{Hook1}",$K16),"{Hook2}",$L16),"{Winkel}",$M16),"{Extra}",$N16),"{Preis}",$O16),"{Monat}",$P16),"{Ziel}",$Q16),"{Tipp}",$R16),"{Vorschau_Link}",IF($T16="",S_Vorschau_Link,$T16)),"{Absender}",S_Absender),"{Absender_Web}",S_Absender_Web),"{Telefon}",S_Telefon),"{Termin_Vorschlag}",S_Termin_Vorschlag),"{Referenzpreis_Datum}",S_Referenzpreis_Datum) -> Guten Tag Bernd Heil, ich bin Jean, Webdesigner und KI-Berater hier in Neunkirchen. Ich habe mir schlosserei-heil.de auf dem Handy angesehen. Dabei ist mir aufgefallen: Ihre Seite ist nicht für Smartphones angepasst. Auf dem Handy erscheint sie stark verkleinert, man muss zoomen, um etwas zu lesen. Aufträge und vor allem Azubis und Gesellen finden Sie heute über eine Seite, die auf dem Handy überzeugt. Deshalb ein Vorschlag: Ich baue Ihnen eine Vorschau Ihrer neuen Startseite, mit Ihren eigenen Texten und Fotos. Das kostet Sie nichts und verpflichtet Sie zu nichts. Ich bringe sie vorbei, Sie schauen sie in Ruhe an. Gefällt sie Ihnen nicht, war es das. Ein kurzes Ja genügt: QR-Code scannen, anrufen oder per WhatsApp schreiben an . Falls Sie danach umsteigen möchten: Eine neue Website kostet bei mir ab 790 €, die Betreuung ab 29 € im Monat. Für Betriebe wie Ihren lohnt sich oft zusätzlich eine Karriereseite und ein Anfrageformular mit Foto-Upload. Viele Grüße aus Neunkirchen Jean P.S. Die Vorschau bleibt auch dann kostenlos, wenn Sie am Ende bei Ihrer jetzigen Seite bleiben. Ihre Anschrift stammt aus Ihrem Impressum bzw. öffentlichen Branchenverzeichnissen. Wenn Sie keine Post mehr von mir möchten, genügt ein kurzer Hinweis. | W16: =SUBSTITUTE(SUBSTITUTE(SUBSTITUTE(SUBSTITUTE(SUBSTITUTE(SUBSTITUTE(SUBSTITUTE(SUBSTITUTE(SUBSTITUTE(SUBSTITUTE(SUBSTITUTE(SUBSTITUTE(SUBSTITUTE(SUBSTITUTE(SUBSTITUTE(SUBSTITUTE(SUBSTITUTE(Vorlagen!$F$5,"{Anrede}",$F16),"{Betrieb}",$B16),"{Domain}",$J16),"{Hook1}",$K16),"{Hook2}",$L16),"{Winkel}",$M16),"{Extra}",$N16),"{Preis}",$O16),"{Monat}",$P16),"{Ziel}",$Q16),"{Tipp}",$R16),"{Vorschau_Link}",IF($T16="",S_Vorschau_Link,$T16)),"{Absender}",S_Absender),"{Absender_Web}",S_Absender_Web),"{Telefon}",S_Telefon),"{Termin_Vorschlag}",S_Termin_Vorschlag),"{Referenzpreis_Datum}",S_Referenzpreis_Datum) -> Guten Tag Bernd Heil, danke für die paar Minuten heute. Wie besprochen hier die Vorschau für Schlosserei Heil: Öffnen Sie sie am besten auf dem Handy, so sehen Ihre Kunden die Seite auch. Kurz zusammengefasst: - Heute: Ihre Seite ist nicht für Smartphones angepasst. Auf dem Handy erscheint sie stark verkleinert, man muss zoomen, um etwas zu lesen. - Neu: Alles ist auf das Handy ausgelegt, dazu eine Karriereseite und ein Anfrageformular mit Foto-Upload. - Ihre Inhalte bleiben. Sie müssen nichts neu schreiben. Preis: ab 790 € einmalig, Betreuung ab 29 € im Monat. Die zweite Hälfte zahlen Sie erst nach dem Livegang. Nächster Schritt: 15 Minuten, in denen wir Fotos und zwei, drei Wünsche durchgehen. Passt Ihnen Donnerstag gegen 15 Uhr? Viele Grüße Jean Wenn Sie keine weiteren Nachrichten von mir möchten, genügt eine kurze Antwort. | X16: =SUBSTITUTE(SUBSTITUTE(SUBSTITUTE(SUBSTITUTE(SUBSTITUTE(SUBSTITUTE(SUBSTITUTE(SUBSTITUTE(SUBSTITUTE(SUBSTITUTE(SUBSTITUTE(SUBSTITUTE(SUBSTITUTE(SUBSTITUTE(SUBSTITUTE(SUBSTITUTE(SUBSTITUTE(Vorlagen!$F$7,"{Anrede}",$F16),"{Betrieb}",$B16),"{Domain}",$J16),"{Hook1}",$K16),"{Hook2}",$L16),"{Winkel}",$M16),"{Extra}",$N16),"{Preis}",$O16),"{Monat}",$P16),"{Ziel}",$Q16),"{Tipp}",$R16),"{Vorschau_Link}",IF($T16="",S_Vorschau_Link,$T16)),"{Absender}",S_Absender),"{Absender_Web}",S_Absender_Web),"{Telefon}",S_Telefon),"{Termin_Vorschlag}",S_Termin_Vorschlag),"{Referenzpreis_Datum}",S_Referenzpreis_Datum) -> Guten Tag Bernd Heil, kurz nachgefragt: Konnten Sie die Vorschau schon auf dem Handy ansehen? Wenn Sie mögen, setze ich bis Ende der Woche Ihre eigenen Fotos ein. Dann sehen Sie die Seite so, wie sie online gehen würde. Ein kurzes "Ja, machen" genügt. Viele Grüße Jean Wenn Sie keine weiteren Nachrichten von mir möchten, genügt eine kurze Antwort. | Y16: =SUBSTITUTE(SUBSTITUTE(SUBSTITUTE(SUBSTITUTE(SUBSTITUTE(SUBSTITUTE(SUBSTITUTE(SUBSTITUTE(SUBSTITUTE(SUBSTITUTE(SUBSTITUTE(SUBSTITUTE(SUBSTITUTE(SUBSTITUTE(SUBSTITUTE(SUBSTITUTE(SUBSTITUTE(Vorlagen!$F$8,"{Anrede}",$F16),"{Betrieb}",$B16),"{Domain}",$J16),"{Hook1}",$K16),"{Hook2}",$L16),"{Winkel}",$M16),"{Extra}",$N16),"{Preis}",$O16),"{Monat}",$P16),"{Ziel}",$Q16),"{Tipp}",$R16),"{Vorschau_Link}",IF($T16="",S_Vorschau_Link,$T16)),"{Absender}",S_Absender),"{Absender_Web}",S_Absender_Web),"{Telefon}",S_Telefon),"{Termin_Vorschlag}",S_Termin_Vorschlag),"{Referenzpreis_Datum}",S_Referenzpreis_Datum) -> Guten Tag Bernd Heil, unabhängig davon, ob wir zusammenarbeiten, hier ein Tipp, der in fünf Minuten erledigt ist: Laden Sie Vorher-Nachher-Fotos von drei aktuellen Aufträgen in Ihr Google-Profil. Nichts überzeugt neue Kunden schneller. Die Vorschau Ihrer neuen Seite liegt weiter für Sie bereit: Bei Fragen rufen Sie mich einfach an: Viele Grüße Jean Wenn Sie keine weiteren Nachrichten von mir möchten, genügt eine kurze Antwort. | Z16: =SUBSTITUTE(SUBSTITUTE(SUBSTITUTE(SUBSTITUTE(SUBSTITUTE(SUBSTITUTE(SUBSTITUTE(SUBSTITUTE(SUBSTITUTE(SUBSTITUTE(SUBSTITUTE(SUBSTITUTE(SUBSTITUTE(SUBSTITUTE(SUBSTITUTE(SUBSTITUTE(SUBSTITUTE(Vorlagen!$F$9,"{Anrede}",$F16),"{Betrieb}",$B16),"{Domain}",$J16),"{Hook1}",$K16),"{Hook2}",$L16),"{Winkel}",$M16),"{Extra}",$N16),"{Preis}",$O16),"{Monat}",$P16),"{Ziel}",$Q16),"{Tipp}",$R16),"{Vorschau_Link}",IF($T16="",S_Vorschau_Link,$T16)),"{Absender}",S_Absender),"{Absender_Web}",S_Absender_Web),"{Telefon}",S_Telefon),"{Termin_Vorschlag}",S_Termin_Vorschlag),"{Referenzpreis_Datum}",S_Referenzpreis_Datum) -> Guten Tag Bernd Heil, ich möchte Ihr Postfach nicht füllen, deshalb ist das meine letzte Nachricht dazu. Den Referenzpreis halte ich für Sie bis 30.11.2026. Danach nehme ich die Vorschau aus dem Netz. Eine Ziffer als Antwort genügt mir: 1 = Ja, lassen Sie uns kurz sprechen 2 = Später, melden Sie sich im neuen Jahr 3 = Kein Interesse Danke und viele Grüße Jean | AA16: =SUBSTITUTE(SUBSTITUTE(SUBSTITUTE(SUBSTITUTE(SUBSTITUTE(SUBSTITUTE(SUBSTITUTE(SUBSTITUTE(SUBSTITUTE(SUBSTITUTE(SUBSTITUTE(SUBSTITUTE(SUBSTITUTE(SUBSTITUTE(SUBSTITUTE(SUBSTITUTE(SUBSTITUTE(Vorlagen!$F$10,"{Anrede}",$F16),"{Betrieb}",$B16),"{Domain}",$J16),"{Hook1}",$K16),"{Hook2}",$L16),"{Winkel}",$M16),"{Extra}",$N16),"{Preis}",$O16),"{Monat}",$P16),"{Ziel}",$Q16),"{Tipp}",$R16),"{Vorschau_Link}",IF($T16="",S_Vorschau_Link,$T16)),"{Absender}",S_Absender),"{Absender_Web}",S_Absender_Web),"{Telefon}",S_Telefon),"{Termin_Vorschlag}",S_Termin_Vorschlag),"{Referenzpreis_Datum}",S_Referenzpreis_Datum) -> Hallo, hier ist Jean von vorhin. Hier die Vorschau für Schlosserei Heil, am besten gleich auf dem Handy öffnen: Ich melde mich Donnerstag gegen 15 Uhr kurz wegen der Fotos. Viele Grüße | AD16: offen | AE16: =IF(OR($AC16="",$AD16="Auftrag",$AD16="Abgesagt"),"",IF($AD16="Brief versendet",$AC16+5,IF($AD16="Vorschau gesendet",$AC16+3,IF($AD16="Nachgefasst 1",$AC16+7,IF($AD16="Nachgefasst 2",$AC16+14,""))))) | AG16: 70 | AH16: Quick Win
A17: 16 | B17: Ratzky Bedachungen | C17: 1 | D17: Handwerk/Bau | E17: Reiner Ratzky | F17: Guten Tag Reiner Ratzky, | G17: Sebachstr. 23, 66539 Neunkirchen | H17: 06821 9 30 10 | I17: info@ratzkygmbh.de | J17: ratzkygmbh.de | K17: Ihre Seite ist nicht für Smartphones angepasst. Auf dem Handy erscheint sie stark verkleinert, man muss zoomen, um etwas zu lesen. | L17: Laut Server wurde Ihre Startseite zuletzt 2019 geändert. | M17: Aufträge und vor allem Azubis und Gesellen finden Sie heute über eine Seite, die auf dem Handy überzeugt. | N17: eine Karriereseite und ein Anfrageformular mit Foto-Upload | O17: ab 790 € | P17: ab 29 € | Q17: Anfragen und Bewerbungen | R17: Laden Sie Vorher-Nachher-Fotos von drei aktuellen Aufträgen in Ihr Google-Profil. Nichts überzeugt neue Kunden schneller. | S17: B1 | U17: =SUBSTITUTE(SUBSTITUTE(SUBSTITUTE(SUBSTITUTE(SUBSTITUTE(SUBSTITUTE(SUBSTITUTE(SUBSTITUTE(SUBSTITUTE(SUBSTITUTE(SUBSTITUTE(SUBSTITUTE(SUBSTITUTE(SUBSTITUTE(SUBSTITUTE(SUBSTITUTE(SUBSTITUTE(INDEX(Vorlagen!$E:$E,MATCH($S17,Vorlagen!$A:$A,0)),"{Anrede}",$F17),"{Betrieb}",$B17),"{Domain}",$J17),"{Hook1}",$K17),"{Hook2}",$L17),"{Winkel}",$M17),"{Extra}",$N17),"{Preis}",$O17),"{Monat}",$P17),"{Ziel}",$Q17),"{Tipp}",$R17),"{Vorschau_Link}",IF($T17="",S_Vorschau_Link,$T17)),"{Absender}",S_Absender),"{Absender_Web}",S_Absender_Web),"{Telefon}",S_Telefon),"{Termin_Vorschlag}",S_Termin_Vorschlag),"{Referenzpreis_Datum}",S_Referenzpreis_Datum) -> Ratzky Bedachungen: Ihre Website auf dem Handy | V17: =SUBSTITUTE(SUBSTITUTE(SUBSTITUTE(SUBSTITUTE(SUBSTITUTE(SUBSTITUTE(SUBSTITUTE(SUBSTITUTE(SUBSTITUTE(SUBSTITUTE(SUBSTITUTE(SUBSTITUTE(SUBSTITUTE(SUBSTITUTE(SUBSTITUTE(SUBSTITUTE(SUBSTITUTE(INDEX(Vorlagen!$F:$F,MATCH($S17,Vorlagen!$A:$A,0)),"{Anrede}",$F17),"{Betrieb}",$B17),"{Domain}",$J17),"{Hook1}",$K17),"{Hook2}",$L17),"{Winkel}",$M17),"{Extra}",$N17),"{Preis}",$O17),"{Monat}",$P17),"{Ziel}",$Q17),"{Tipp}",$R17),"{Vorschau_Link}",IF($T17="",S_Vorschau_Link,$T17)),"{Absender}",S_Absender),"{Absender_Web}",S_Absender_Web),"{Telefon}",S_Telefon),"{Termin_Vorschlag}",S_Termin_Vorschlag),"{Referenzpreis_Datum}",S_Referenzpreis_Datum) -> Guten Tag Reiner Ratzky, ich bin Jean, Webdesigner und KI-Berater hier in Neunkirchen. Ich habe mir ratzkygmbh.de auf dem Handy angesehen. Dabei ist mir aufgefallen: Ihre Seite ist nicht für Smartphones angepasst. Auf dem Handy erscheint sie stark verkleinert, man muss zoomen, um etwas zu lesen. Aufträge und vor allem Azubis und Gesellen finden Sie heute über eine Seite, die auf dem Handy überzeugt. Deshalb ein Vorschlag: Ich baue Ihnen eine Vorschau Ihrer neuen Startseite, mit Ihren eigenen Texten und Fotos. Das kostet Sie nichts und verpflichtet Sie zu nichts. Ich bringe sie vorbei, Sie schauen sie in Ruhe an. Gefällt sie Ihnen nicht, war es das. Ein kurzes Ja genügt: QR-Code scannen, anrufen oder per WhatsApp schreiben an . Falls Sie danach umsteigen möchten: Eine neue Website kostet bei mir ab 790 €, die Betreuung ab 29 € im Monat. Für Betriebe wie Ihren lohnt sich oft zusätzlich eine Karriereseite und ein Anfrageformular mit Foto-Upload. Viele Grüße aus Neunkirchen Jean P.S. Laut Server wurde Ihre Startseite zuletzt 2019 geändert. Ihre Anschrift stammt aus Ihrem Impressum bzw. öffentlichen Branchenverzeichnissen. Wenn Sie keine Post mehr von mir möchten, genügt ein kurzer Hinweis. | W17: =SUBSTITUTE(SUBSTITUTE(SUBSTITUTE(SUBSTITUTE(SUBSTITUTE(SUBSTITUTE(SUBSTITUTE(SUBSTITUTE(SUBSTITUTE(SUBSTITUTE(SUBSTITUTE(SUBSTITUTE(SUBSTITUTE(SUBSTITUTE(SUBSTITUTE(SUBSTITUTE(SUBSTITUTE(Vorlagen!$F$5,"{Anrede}",$F17),"{Betrieb}",$B17),"{Domain}",$J17),"{Hook1}",$K17),"{Hook2}",$L17),"{Winkel}",$M17),"{Extra}",$N17),"{Preis}",$O17),"{Monat}",$P17),"{Ziel}",$Q17),"{Tipp}",$R17),"{Vorschau_Link}",IF($T17="",S_Vorschau_Link,$T17)),"{Absender}",S_Absender),"{Absender_Web}",S_Absender_Web),"{Telefon}",S_Telefon),"{Termin_Vorschlag}",S_Termin_Vorschlag),"{Referenzpreis_Datum}",S_Referenzpreis_Datum) -> Guten Tag Reiner Ratzky, danke für die paar Minuten heute. Wie besprochen hier die Vorschau für Ratzky Bedachungen: Öffnen Sie sie am besten auf dem Handy, so sehen Ihre Kunden die Seite auch. Kurz zusammengefasst: - Heute: Ihre Seite ist nicht für Smartphones angepasst. Auf dem Handy erscheint sie stark verkleinert, man muss zoomen, um etwas zu lesen. - Neu: Alles ist auf das Handy ausgelegt, dazu eine Karriereseite und ein Anfrageformular mit Foto-Upload. - Ihre Inhalte bleiben. Sie müssen nichts neu schreiben. Preis: ab 790 € einmalig, Betreuung ab 29 € im Monat. Die zweite Hälfte zahlen Sie erst nach dem Livegang. Nächster Schritt: 15 Minuten, in denen wir Fotos und zwei, drei Wünsche durchgehen. Passt Ihnen Donnerstag gegen 15 Uhr? Viele Grüße Jean Wenn Sie keine weiteren Nachrichten von mir möchten, genügt eine kurze Antwort. | X17: =SUBSTITUTE(SUBSTITUTE(SUBSTITUTE(SUBSTITUTE(SUBSTITUTE(SUBSTITUTE(SUBSTITUTE(SUBSTITUTE(SUBSTITUTE(SUBSTITUTE(SUBSTITUTE(SUBSTITUTE(SUBSTITUTE(SUBSTITUTE(SUBSTITUTE(SUBSTITUTE(SUBSTITUTE(Vorlagen!$F$7,"{Anrede}",$F17),"{Betrieb}",$B17),"{Domain}",$J17),"{Hook1}",$K17),"{Hook2}",$L17),"{Winkel}",$M17),"{Extra}",$N17),"{Preis}",$O17),"{Monat}",$P17),"{Ziel}",$Q17),"{Tipp}",$R17),"{Vorschau_Link}",IF($T17="",S_Vorschau_Link,$T17)),"{Absender}",S_Absender),"{Absender_Web}",S_Absender_Web),"{Telefon}",S_Telefon),"{Termin_Vorschlag}",S_Termin_Vorschlag),"{Referenzpreis_Datum}",S_Referenzpreis_Datum) -> Guten Tag Reiner Ratzky, kurz nachgefragt: Konnten Sie die Vorschau schon auf dem Handy ansehen? Wenn Sie mögen, setze ich bis Ende der Woche Ihre eigenen Fotos ein. Dann sehen Sie die Seite so, wie sie online gehen würde. Ein kurzes "Ja, machen" genügt. Viele Grüße Jean Wenn Sie keine weiteren Nachrichten von mir möchten, genügt eine kurze Antwort. | Y17: =SUBSTITUTE(SUBSTITUTE(SUBSTITUTE(SUBSTITUTE(SUBSTITUTE(SUBSTITUTE(SUBSTITUTE(SUBSTITUTE(SUBSTITUTE(SUBSTITUTE(SUBSTITUTE(SUBSTITUTE(SUBSTITUTE(SUBSTITUTE(SUBSTITUTE(SUBSTITUTE(SUBSTITUTE(Vorlagen!$F$8,"{Anrede}",$F17),"{Betrieb}",$B17),"{Domain}",$J17),"{Hook1}",$K17),"{Hook2}",$L17),"{Winkel}",$M17),"{Extra}",$N17),"{Preis}",$O17),"{Monat}",$P17),"{Ziel}",$Q17),"{Tipp}",$R17),"{Vorschau_Link}",IF($T17="",S_Vorschau_Link,$T17)),"{Absender}",S_Absender),"{Absender_Web}",S_Absender_Web),"{Telefon}",S_Telefon),"{Termin_Vorschlag}",S_Termin_Vorschlag),"{Referenzpreis_Datum}",S_Referenzpreis_Datum) -> Guten Tag Reiner Ratzky, unabhängig davon, ob wir zusammenarbeiten, hier ein Tipp, der in fünf Minuten erledigt ist: Laden Sie Vorher-Nachher-Fotos von drei aktuellen Aufträgen in Ihr Google-Profil. Nichts überzeugt neue Kunden schneller. Die Vorschau Ihrer neuen Seite liegt weiter für Sie bereit: Bei Fragen rufen Sie mich einfach an: Viele Grüße Jean Wenn Sie keine weiteren Nachrichten von mir möchten, genügt eine kurze Antwort. | Z17: =SUBSTITUTE(SUBSTITUTE(SUBSTITUTE(SUBSTITUTE(SUBSTITUTE(SUBSTITUTE(SUBSTITUTE(SUBSTITUTE(SUBSTITUTE(SUBSTITUTE(SUBSTITUTE(SUBSTITUTE(SUBSTITUTE(SUBSTITUTE(SUBSTITUTE(SUBSTITUTE(SUBSTITUTE(Vorlagen!$F$9,"{Anrede}",$F17),"{Betrieb}",$B17),"{Domain}",$J17),"{Hook1}",$K17),"{Hook2}",$L17),"{Winkel}",$M17),"{Extra}",$N17),"{Preis}",$O17),"{Monat}",$P17),"{Ziel}",$Q17),"{Tipp}",$R17),"{Vorschau_Link}",IF($T17="",S_Vorschau_Link,$T17)),"{Absender}",S_Absender),"{Absender_Web}",S_Absender_Web),"{Telefon}",S_Telefon),"{Termin_Vorschlag}",S_Termin_Vorschlag),"{Referenzpreis_Datum}",S_Referenzpreis_Datum) -> Guten Tag Reiner Ratzky, ich möchte Ihr Postfach nicht füllen, deshalb ist das meine letzte Nachricht dazu. Den Referenzpreis halte ich für Sie bis 30.11.2026. Danach nehme ich die Vorschau aus dem Netz. Eine Ziffer als Antwort genügt mir: 1 = Ja, lassen Sie uns kurz sprechen 2 = Später, melden Sie sich im neuen Jahr 3 = Kein Interesse Danke und viele Grüße Jean | AA17: =SUBSTITUTE(SUBSTITUTE(SUBSTITUTE(SUBSTITUTE(SUBSTITUTE(SUBSTITUTE(SUBSTITUTE(SUBSTITUTE(SUBSTITUTE(SUBSTITUTE(SUBSTITUTE(SUBSTITUTE(SUBSTITUTE(SUBSTITUTE(SUBSTITUTE(SUBSTITUTE(SUBSTITUTE(Vorlagen!$F$10,"{Anrede}",$F17),"{Betrieb}",$B17),"{Domain}",$J17),"{Hook1}",$K17),"{Hook2}",$L17),"{Winkel}",$M17),"{Extra}",$N17),"{Preis}",$O17),"{Monat}",$P17),"{Ziel}",$Q17),"{Tipp}",$R17),"{Vorschau_Link}",IF($T17="",S_Vorschau_Link,$T17)),"{Absender}",S_Absender),"{Absender_Web}",S_Absender_Web),"{Telefon}",S_Telefon),"{Termin_Vorschlag}",S_Termin_Vorschlag),"{Referenzpreis_Datum}",S_Referenzpreis_Datum) -> Hallo, hier ist Jean von vorhin. Hier die Vorschau für Ratzky Bedachungen, am besten gleich auf dem Handy öffnen: Ich melde mich Donnerstag gegen 15 Uhr kurz wegen der Fotos. Viele Grüße | AD17: offen | AE17: =IF(OR($AC17="",$AD17="Auftrag",$AD17="Abgesagt"),"",IF($AD17="Brief versendet",$AC17+5,IF($AD17="Vorschau gesendet",$AC17+3,IF($AD17="Nachgefasst 1",$AC17+7,IF($AD17="Nachgefasst 2",$AC17+14,""))))) | AG17: 70 | AH17: Quick Win
